4.408395,-538.1543,306.4895
6.47324,223.8324,805.441
6.589514,229.7906,772.2131
6.616454,204.6056,809.2741
6.630785,204.6056,809.2741
6.653204,173.1817,848.4661
6.672822,159.7273,871.7474
6.689925,159.7273,871.7474
6.710214,143.4831,889.1841
6.731799,132.335,895.7303
6.751297,132.335,895.7303
6.770935,136.2027,896.4442
6.789348,153.7504,804.5638
6.809555,153.7504,804.5638
6.829342,153.656,809.1622
6.852632,157.3499,799.683
6.869596,157.3499,799.683
6.889851,159.291,796.6285
6.909675,162.1126,790.306
6.929398,162.1126,790.306
6.951179,170.454,784.3873
6.970014,129.2358,748.3216
6.989994,129.2358,748.3216
7.009593,43.28628,681.8354
7.031359,-78.85191,678.4391
7.055524,-78.85191,678.4391
7.093383,-227.6648,269.973
7.094208,-227.6648,269.973
7.110998,-227.6648,269.973
7.132378,-316.024,66.72243
7.151113,-278.774,272.6056
7.170373,-278.774,272.6056
7.192844,-284.53,328.2472
7.210176,-241.8399,435.9044
7.229657,-241.8399,435.9044
7.250269,-244.7359,723.7815
7.380752,-27.91052,850.4415
7.392377,-27.91052,850.4415
7.394396,-27.91052,850.4415
7.395317,-27.91052,850.4415
7.396126,-27.91052,850.4415
7.396961,-27.91052,850.4415
7.555612,-27.91052,850.4415
7.557364,-27.91052,850.4415
7.558388,-27.91052,850.4415
7.559331,-27.91052,850.4415
7.56013,-27.91052,850.4415
7.561562,-27.91052,850.4415
7.562401,-27.91052,850.4415
7.563266,-27.91052,850.4415
7.564113,-27.91052,850.4415
7.579421,-27.91052,850.4415
7.592644,-27.91052,850.4415
7.610368,-27.91052,850.4415
7.633576,-27.91052,850.4415
7.6495,-27.91052,850.4415
7.671248,-27.91052,850.4415
7.691633,-27.91052,850.4415
7.713583,-27.91052,850.4415
7.732094,-27.91052,850.4415
7.749904,-27.91052,850.4415
7.771668,-27.91052,850.4415
7.791842,-27.91052,850.4415
7.810077,-27.91052,850.4415
7.833171,-27.91052,850.4415
7.850865,-27.91052,850.4415
7.870986,-27.91052,850.4415
7.892377,-27.91052,850.4415
7.909685,-27.91052,850.4415
7.934178,-27.91052,850.4415
7.949442,-27.91052,850.4415
7.970796,-27.91052,850.4415
7.990345,-27.91052,850.4415
8.009901,-27.91052,850.4415
8.032443,-27.91052,850.4415
8.05156,-27.91052,850.4415
8.072497,-27.91052,850.4415
8.090155,-27.91052,850.4415
8.11145,-27.91052,850.4415
8.131384,-27.91052,850.4415
8.152772,-27.91052,850.4415
8.169669,-27.91052,850.4415
8.196029,-27.91052,850.4415
8.21063,-27.91052,850.4415
8.233228,-27.91052,850.4415
8.251875,-27.91052,850.4415
8.271991,-27.91052,850.4415
8.290263,-27.91052,850.4415
8.30993,-27.91052,850.4415
8.332735,-27.91052,850.4415
8.351231,-27.91052,850.4415
8.371766,-27.91052,850.4415
8.389795,-27.91052,850.4415
8.410689,-27.91052,850.4415
8.431741,-27.91052,850.4415
8.451814,-27.91052,850.4415
8.472989,-27.91052,850.4415
8.496772,-27.91052,850.4415
8.510642,-27.91052,850.4415
8.530417,-27.91052,850.4415
8.551455,-27.91052,850.4415
8.572678,-27.91052,850.4415
8.590628,-27.91052,850.4415
8.609309,-27.91052,850.4415
8.631837,-27.91052,850.4415
8.651037,-27.91052,850.4415
8.673032,-27.91052,850.4415
8.691343,-27.91052,850.4415
8.710611,-27.91052,850.4415
8.730573,-27.91052,850.4415
8.750005,-27.91052,850.4415
8.77478,-27.91052,850.4415
8.798039,-27.91052,850.4415
8.811027,-27.91052,850.4415
8.830737,-27.91052,850.4415
8.850301,-27.91052,850.4415
8.871214,-27.91052,850.4415
8.898347,-27.91052,850.4415
8.91013,-27.91052,850.4415
8.933572,-27.91052,850.4415
8.950269,-27.91052,850.4415
8.969714,-27.91052,850.4415
8.990458,-27.91052,850.4415
9.011861,-27.91052,850.4415
9.031473,-27.91052,850.4415
9.051301,-27.91052,850.4415
9.069903,-27.91052,850.4415
9.090342,-27.91052,850.4415
9.112576,-27.91052,850.4415
9.132718,-27.91052,850.4415
9.150543,-27.91052,850.4415
9.171009,-27.91052,850.4415
9.197292,-27.91052,850.4415
9.212347,-27.91052,850.4415
9.233357,-27.91052,850.4415
9.251453,-27.91052,850.4415
9.271232,-27.91052,850.4415
9.297068,-27.91052,850.4415
9.311259,-27.91052,850.4415
9.33205,-27.91052,850.4415
9.351167,-27.91052,850.4415
9.371072,-27.91052,850.4415
9.397722,-27.91052,850.4415
9.41103,-27.91052,850.4415
9.431244,-27.91052,850.4415
9.449782,-27.91052,850.4415
9.470974,-27.91052,850.4415
9.489519,-27.91052,850.4415
9.509251,-27.91052,850.4415
9.534051,-27.91052,850.4415
9.551638,-27.91052,850.4415
9.572862,-27.91052,850.4415
9.589827,-27.91052,850.4415
9.612345,-27.91052,850.4415
9.630806,-27.91052,850.4415
9.651712,-27.91052,850.4415
9.67006,-27.91052,850.4415
9.692397,-27.91052,850.4415
9.70998,-27.91052,850.4415
9.731864,-27.91052,850.4415
9.751679,-27.91052,850.4415
9.772695,-27.91052,850.4415
9.790449,-27.91052,850.4415
9.809699,-27.91052,850.4415
9.833119,-27.91052,850.4415
9.849954,-27.91052,850.4415
9.871079,-27.91052,850.4415
9.8916,-27.91052,850.4415
9.91087,-27.91052,850.4415
9.93086,-27.91052,850.4415
9.949754,-27.91052,850.4415
9.971992,-27.91052,850.4415
9.991406,-27.91052,850.4415
10.01009,-27.91052,850.4415
10.03335,-27.91052,850.4415
10.05153,-27.91052,850.4415
10.07245,-27.91052,850.4415
10.09069,-27.91052,850.4415
10.11207,-27.91052,850.4415
10.13158,-27.91052,850.4415
10.15165,-27.91052,850.4415
10.17078,-27.91052,850.4415
10.19068,-27.91052,850.4415
10.21161,-27.91052,850.4415
10.22966,-27.91052,850.4415
10.25166,-27.91052,850.4415
10.2697,-27.91052,850.4415
10.29132,-27.91052,850.4415
10.31361,-27.91052,850.4415
10.33453,-27.91052,850.4415
10.35031,-27.91052,850.4415
10.37035,-27.91052,850.4415
10.39795,-27.91052,850.4415
10.41038,-27.91052,850.4415
10.43403,-27.91052,850.4415
10.45281,-27.91052,850.4415
10.47028,-27.91052,850.4415
10.48945,-27.91052,850.4415
10.5122,-27.91052,850.4415
10.53769,-27.91052,850.4415
10.55239,-27.91052,850.4415
10.57254,-27.91052,850.4415
10.59059,-27.91052,850.4415
10.61482,-27.91052,850.4415
10.63222,-27.91052,850.4415
10.65126,-27.91052,850.4415
10.67048,-27.91052,850.4415
10.69702,-27.91052,850.4415
10.7115,486.2925,834.9025
10.73083,486.2925,834.9025
10.75205,507.4903,807.5562
10.77525,557.8181,709.4069
10.78977,557.8181,709.4069
10.81207,579.5451,705.2198
10.82933,579.5451,705.2198
10.85171,599.7421,682.4974
10.87014,636.1769,699.3607
10.89023,636.1769,699.3607
10.91389,690.0889,725.0223
10.93145,735.4828,734.0851
10.94987,735.4828,734.0851
10.97524,776.5316,735.0651
10.99122,791.3591,776.717
11.01326,817.2745,774.2994
11.03541,817.2745,774.2994
11.05992,821.2388,802.2114
11.07706,837.5898,802.4617
11.08962,837.5898,802.4617
11.11114,849.3247,794.759
11.13984,859.8069,810.4241
11.15046,859.8069,810.4241
11.17521,866.5303,808.6046
11.19169,866.5303,808.6046
11.20959,861.8679,821.5962
11.24105,832.5154,820.4617
11.25016,832.5154,820.4617
11.27134,779.2637,804.0544
11.29036,677.0164,792.4127
11.31221,677.0164,792.4127
11.33283,574.543,861.4959
11.35072,493.8434,835.4104
11.38201,470.354,749.5474
11.43115,444.7002,722.6022
11.43292,444.7002,722.6022
11.43421,444.7002,722.6022
11.45856,395.2983,730.8838
11.47269,331.2303,751.215
11.48983,331.2303,751.215
11.51641,276.0432,769.6115
11.5303,276.0432,769.6115
11.55222,230.7664,748
11.57642,208.4864,765.8023
11.59089,193.3678,779.4944
11.64998,181.2253,783.1192
11.65201,181.2253,783.1192
11.65331,181.2253,783.1192
11.68042,173.1918,795.2968
11.69317,167.7775,803.3549
11.71333,161.9907,808.4435
11.73762,161.9907,808.4435
11.75263,157.4951,811.3336
11.77241,154.3244,812.5369
11.79035,154.3244,812.5369
11.81095,150.9067,803.7011
11.83596,152.2625,797.1498
11.85248,152.2625,797.1498
11.87097,150.8909,779.5402
11.89109,150.8909,779.5402
11.92488,151.9906,785.0256
11.93511,151.9906,785.0256
11.9514,151.9906,785.0256
11.97166,152.3476,786.437
11.99622,151.8766,789.1753
12.01015,151.5284,791.9157
12.03363,151.5284,791.9157
12.05123,150.9229,794.5655
12.07296,149.3555,788.208
12.08929,149.3555,788.208
12.1095,145.9299,779.6687
12.14167,147.5563,776.3933
12.1506,147.5563,776.3933
12.17072,149.531,779.7628
12.27623,451.8164,820.8367
12.27838,451.8164,820.8367
12.27969,451.8164,820.8367
12.28099,451.8164,820.8367
12.28251,451.8164,820.8367
12.30944,448.1317,820.4488
12.31129,448.1317,820.4488
12.33617,419.6859,813.7922
12.35032,309.1342,817.5887
12.37184,309.1342,817.5887
12.38962,195.6794,800.4427
12.40952,195.6794,800.4427
12.43246,195.6794,800.4427
12.45138,195.6794,800.4427
12.47036,195.6794,800.4427
12.49092,195.6794,800.4427
12.52776,195.6794,800.4427
12.54104,195.6794,800.4427
12.55225,195.6794,800.4427
12.57607,195.6794,800.4427
12.61726,195.6794,800.4427
12.6189,195.6794,800.4427
12.63105,195.6794,800.4427
12.6503,195.6794,800.4427
12.67956,195.6794,800.4427
12.68978,195.6794,800.4427
12.71268,195.6794,800.4427
12.73906,195.6794,800.4427
12.75158,195.6794,800.4427
12.77119,195.6794,800.4427
12.79033,195.6794,800.4427
12.81102,195.6794,800.4427
12.83711,195.6794,800.4427
12.85061,195.6794,800.4427
12.87496,195.6794,800.4427
12.88962,195.6794,800.4427
12.91178,195.6794,800.4427
12.9312,195.6794,800.4427
12.95294,195.6794,800.4427
12.97286,195.6794,800.4427
12.99399,195.6794,800.4427
13.00985,195.6794,800.4427
13.03629,195.6794,800.4427
13.05039,195.6794,800.4427
13.0726,195.6794,800.4427
13.09068,195.6794,800.4427
13.11001,195.6794,800.4427
13.13716,195.6794,800.4427
13.15179,195.6794,800.4427
13.17253,195.6794,800.4427
13.19163,195.6794,800.4427
13.21139,195.6794,800.4427
13.23546,195.6794,800.4427
13.24988,195.6794,800.4427
13.27264,195.6794,800.4427
13.29697,195.6794,800.4427
13.31124,195.6794,800.4427
13.33184,195.6794,800.4427
13.351,195.6794,800.4427
13.37253,195.6794,800.4427
13.39039,195.6794,800.4427
13.40996,195.6794,800.4427
13.43065,195.6794,800.4427
13.45234,195.6794,800.4427
13.47141,195.6794,800.4427
13.49437,195.6794,800.4427
13.51072,195.6794,800.4427
13.53657,195.6794,800.4427
13.55137,195.6794,800.4427
13.57213,195.6794,800.4427
13.59076,195.6794,800.4427
13.61173,195.6794,800.4427
13.63031,195.6794,800.4427
13.65047,195.6794,800.4427
13.67041,195.6794,800.4427
13.69117,195.6794,800.4427
13.71091,195.6794,800.4427
13.73005,195.6794,800.4427
13.74963,195.6794,800.4427
13.77237,195.6794,800.4427
13.79055,195.6794,800.4427
13.81118,195.6794,800.4427
13.83039,195.6794,800.4427
13.85024,195.6794,800.4427
13.87072,195.6794,800.4427
13.89014,195.6794,800.4427
13.91179,195.6794,800.4427
13.93235,195.6794,800.4427
13.95086,195.6794,800.4427
13.97094,195.6794,800.4427
13.99102,195.6794,800.4427
14.01248,195.6794,800.4427
14.03312,195.6794,800.4427
14.05043,195.6794,800.4427
14.07082,195.6794,800.4427
14.09068,195.6794,800.4427
14.11214,195.6794,800.4427
14.13266,195.6794,800.4427
14.14947,195.6794,800.4427
14.17204,195.6794,800.4427
14.19662,195.6794,800.4427
14.21051,195.6794,800.4427
14.23363,195.6794,800.4427
14.25281,195.6794,800.4427
14.26941,195.6794,800.4427
14.29099,195.6794,800.4427
14.31022,195.6794,800.4427
14.33368,195.6794,800.4427
14.35227,195.6794,800.4427
14.37092,195.6794,800.4427
14.39054,195.6794,800.4427
14.41161,195.6794,800.4427
14.43231,195.6794,800.4427
14.45246,195.6794,800.4427
14.47257,195.6794,800.4427
14.48932,195.6794,800.4427
14.51163,195.6794,800.4427
14.53219,195.6794,800.4427
14.55106,195.6794,800.4427
14.57306,195.6794,800.4427
14.59706,195.6794,800.4427
14.61035,195.6794,800.4427
14.63,195.6794,800.4427
14.65019,195.6794,800.4427
14.67291,195.6794,800.4427
14.69069,195.6794,800.4427
14.71029,195.6794,800.4427
14.73167,195.6794,800.4427
14.75068,195.6794,800.4427
14.76986,195.6794,800.4427
14.79214,195.6794,800.4427
14.81093,195.6794,800.4427
14.83247,195.6794,800.4427
14.85092,195.6794,800.4427
14.87322,195.6794,800.4427
14.89837,195.6794,800.4427
14.91045,195.6794,800.4427
14.93143,195.6794,800.4427
14.95135,195.6794,800.4427
14.97158,195.6794,800.4427
14.99189,195.6794,800.4427
15.00999,195.6794,800.4427
15.03204,195.6794,800.4427
15.04984,195.6794,800.4427
15.07095,195.6794,800.4427
15.09193,195.6794,800.4427
15.11055,195.6794,800.4427
15.13401,195.6794,800.4427
15.14938,195.6794,800.4427
15.17144,195.6794,800.4427
15.19025,195.6794,800.4427
15.21244,195.6794,800.4427
15.2335,195.6794,800.4427
15.24977,195.6794,800.4427
15.27035,195.6794,800.4427
15.28952,195.6794,800.4427
15.31097,195.6794,800.4427
15.33165,195.6794,800.4427
15.35068,195.6794,800.4427
15.36956,195.6794,800.4427
15.38952,195.6794,800.4427
15.41072,195.6794,800.4427
15.43377,195.6794,800.4427
15.45008,195.6794,800.4427
15.47174,195.6794,800.4427
15.49076,195.6794,800.4427
15.51022,195.6794,800.4427
15.53131,195.6794,800.4427
15.5497,195.6794,800.4427
15.5706,195.6794,800.4427
15.60003,195.6794,800.4427
15.61236,195.6794,800.4427
15.64142,195.6794,800.4427
15.67346,195.6794,800.4427
15.67512,195.6794,800.4427
15.69447,195.6794,800.4427
15.71229,195.6794,800.4427
15.73506,195.6794,800.4427
15.78549,195.6794,800.4427
15.7874,195.6794,800.4427
15.79913,195.6794,800.4427
15.81329,195.6794,800.4427
15.83488,195.6794,800.4427
15.85147,195.6794,800.4427
15.88112,195.6794,800.4427
15.89454,195.6794,800.4427
15.91201,195.6794,800.4427
15.93536,195.6794,800.4427
15.9551,195.6794,800.4427
15.99684,195.6794,800.4427
15.99921,195.6794,800.4427
16.0148,195.6794,800.4427
16.03635,195.6794,800.4427
16.05277,195.6794,800.4427
16.07726,195.6794,800.4427
16.09593,195.6794,800.4427
16.11443,195.6794,800.4427
16.13278,195.6794,800.4427
16.15242,195.6794,800.4427
16.19254,195.6794,800.4427
16.19466,195.6794,800.4427
16.21565,195.6794,800.4427
16.23012,195.6794,800.4427
16.25094,195.6794,800.4427
16.27199,195.6794,800.4427
16.29209,195.6794,800.4427
16.31129,195.6794,800.4427
16.33192,195.6794,800.4427
16.34941,195.6794,800.4427
16.37044,195.6794,800.4427
16.38975,195.6794,800.4427
16.41127,195.6794,800.4427
16.43111,195.6794,800.4427
16.4506,195.6794,800.4427
16.47087,195.6794,800.4427
16.49853,195.6794,800.4427
16.5108,195.6794,800.4427
16.53424,195.6794,800.4427
16.55044,195.6794,800.4427
16.57035,195.6794,800.4427
16.59816,195.6794,800.4427
16.61127,195.6794,800.4427
16.63175,195.6794,800.4427
16.651,195.6794,800.4427
16.67092,195.6794,800.4427
16.68964,195.6794,800.4427
16.7124,195.6794,800.4427
16.7358,195.6794,800.4427
16.75206,195.6794,800.4427
16.77041,195.6794,800.4427
16.79738,195.6794,800.4427
16.81182,195.6794,800.4427
16.83436,195.6794,800.4427
16.8499,195.6794,800.4427
16.87058,195.6794,800.4427
16.89791,195.6794,800.4427
16.91162,195.6794,800.4427
16.93372,195.6794,800.4427
16.95085,195.6794,800.4427
16.97262,195.6794,800.4427
16.98981,195.6794,800.4427
17.01081,195.6794,800.4427
17.03053,195.6794,800.4427
17.05017,195.6794,800.4427
17.07374,195.6794,800.4427
17.09823,195.6794,800.4427
17.11172,195.6794,800.4427
17.13137,195.6794,800.4427
17.15059,195.6794,800.4427
17.17121,195.6794,800.4427
17.19065,195.6794,800.4427
17.21054,195.6794,800.4427
17.23508,195.6794,800.4427
17.25059,195.6794,800.4427
17.2708,195.6794,800.4427
17.29082,195.6794,800.4427
17.31131,195.6794,800.4427
17.33151,195.6794,800.4427
17.34999,195.6794,800.4427
17.37223,195.6794,800.4427
17.39672,195.6794,800.4427
17.40928,195.6794,800.4427
17.43184,195.6794,800.4427
17.44997,195.6794,800.4427
17.46996,195.6794,800.4427
17.48949,195.6794,800.4427
17.51087,195.6794,800.4427
17.53529,195.6794,800.4427
17.55114,195.6794,800.4427
17.57008,195.6794,800.4427
17.58991,195.6794,800.4427
17.60961,195.6794,800.4427
17.63069,195.6794,800.4427
17.65156,195.6794,800.4427
17.67057,195.6794,800.4427
17.69026,195.6794,800.4427
17.71034,195.6794,800.4427
17.73062,195.6794,800.4427
17.75049,195.6794,800.4427
17.77147,195.6794,800.4427
17.78975,195.6794,800.4427
17.81052,195.6794,800.4427
17.83194,195.6794,800.4427
17.85104,195.6794,800.4427
17.86989,195.6794,800.4427
17.89054,195.6794,800.4427
17.91008,195.6794,800.4427
17.93105,195.6794,800.4427
17.94927,195.6794,800.4427
17.97161,195.6794,800.4427
17.99006,195.6794,800.4427
18.00952,195.6794,800.4427
18.03096,195.6794,800.4427
18.05078,195.6794,800.4427
18.06957,195.6794,800.4427
18.09701,195.6794,800.4427
18.10981,195.6794,800.4427
18.13066,195.6794,800.4427
18.15097,195.6794,800.4427
18.17015,195.6794,800.4427
18.19672,195.6794,800.4427
18.21112,195.6794,800.4427
18.23008,195.6794,800.4427
18.25044,195.6794,800.4427
18.27035,195.6794,800.4427
18.28957,195.6794,800.4427
18.31025,195.6794,800.4427
18.33047,195.6794,800.4427
18.35037,195.6794,800.4427
18.37107,195.6794,800.4427
18.38998,195.6794,800.4427
18.41106,195.6794,800.4427
18.43168,195.6794,800.4427
18.45009,195.6794,800.4427
18.47178,195.6794,800.4427
18.49043,195.6794,800.4427
18.51002,195.6794,800.4427
18.53078,195.6794,800.4427
18.55001,195.6794,800.4427
18.56923,195.6794,800.4427
18.59007,195.6794,800.4427
18.6102,195.6794,800.4427
18.63067,195.6794,800.4427
18.64932,195.6794,800.4427
18.67005,195.6794,800.4427
18.69017,195.6794,800.4427
18.71015,195.6794,800.4427
18.73069,195.6794,800.4427
18.75019,195.6794,800.4427
18.76923,195.6794,800.4427
18.79746,195.6794,800.4427
18.80983,195.6794,800.4427
18.83104,195.6794,800.4427
18.84928,195.6794,800.4427
18.87036,195.6794,800.4427
18.89135,195.6794,800.4427
18.90925,195.6794,800.4427
18.93093,195.6794,800.4427
18.95092,195.6794,800.4427
18.97219,195.6794,800.4427
18.98929,195.6794,800.4427
19.01012,195.6794,800.4427
19.03108,195.6794,800.4427
19.05091,195.6794,800.4427
19.07022,195.6794,800.4427
19.08999,195.6794,800.4427
19.11048,195.6794,800.4427
19.13092,195.6794,800.4427
19.15106,195.6794,800.4427
19.16993,195.6794,800.4427
19.19777,195.6794,800.4427
19.21009,195.6794,800.4427
19.23214,195.6794,800.4427
19.25072,195.6794,800.4427
19.27028,195.6794,800.4427
19.29018,195.6794,800.4427
19.31158,195.6794,800.4427
19.33058,195.6794,800.4427
19.35054,195.6794,800.4427
19.36952,195.6794,800.4427
19.39713,195.6794,800.4427
19.41278,195.6794,800.4427
19.43206,195.6794,800.4427
19.45091,195.6794,800.4427
19.46959,195.6794,800.4427
19.48998,195.6794,800.4427
19.51035,195.6794,800.4427
19.53221,195.6794,800.4427
19.54925,195.6794,800.4427
19.57089,195.6794,800.4427
19.59058,195.6794,800.4427
19.6099,195.6794,800.4427
19.63084,195.6794,800.4427
19.65069,195.6794,800.4427
19.67,195.6794,800.4427
19.69025,195.6794,800.4427
19.70997,195.6794,800.4427
19.73148,195.6794,800.4427
19.75129,195.6794,800.4427
19.77053,195.6794,800.4427
19.79775,195.6794,800.4427
19.80971,195.6794,800.4427
19.83128,195.6794,800.4427
19.84955,195.6794,800.4427
19.86979,195.6794,800.4427
19.88977,195.6794,800.4427
19.91127,195.6794,800.4427
19.93043,195.6794,800.4427
19.95055,195.6794,800.4427
19.96993,195.6794,800.4427
19.99704,195.6794,800.4427
20.0113,195.6794,800.4427
20.03081,195.6794,800.4427
20.04952,195.6794,800.4427
20.07149,195.6794,800.4427
20.09625,195.6794,800.4427
20.11097,195.6794,800.4427
20.12993,195.6794,800.4427
20.1525,195.6794,800.4427
20.173,195.6794,800.4427
20.19251,195.6794,800.4427
20.2101,195.6794,800.4427
20.22929,195.6794,800.4427
20.25027,195.6794,800.4427
20.2705,195.6794,800.4427
20.29189,195.6794,800.4427
20.31347,195.6794,800.4427
20.33941,195.6794,800.4427
20.35379,195.6794,800.4427
20.37454,195.6794,800.4427
20.39613,195.6794,800.4427
20.41053,195.6794,800.4427
20.42967,195.6794,800.4427
20.45122,195.6794,800.4427
20.47028,598.6787,576.1843
20.49184,598.6787,576.1843
20.51222,604.8893,568.73
20.5392,620.8408,554.9092
20.55244,620.8408,554.9092
20.57408,620.8408,554.9092
20.59179,658.1999,526.8448
20.61066,658.1999,526.8448
20.63438,662.2842,513.0079
20.65381,662.2842,513.0079
20.67299,668.9142,506.5388
20.69131,672.2404,501.7223
20.71821,670.4373,498.1005
20.73858,670.4373,498.1005
20.75386,670.4373,498.1005
20.7705,670.4373,498.1005
20.79196,670.4373,498.1005
20.81032,670.4373,498.1005
20.83133,670.4373,498.1005
20.85043,670.4373,498.1005
20.86957,670.4373,498.1005
20.89099,670.4373,498.1005
20.91185,670.4373,498.1005
20.94432,670.4373,498.1005
20.95174,670.4373,498.1005
20.9703,670.4373,498.1005
20.99197,670.4373,498.1005
21.01003,670.4373,498.1005
21.03193,670.4373,498.1005
21.04936,670.4373,498.1005
21.07042,670.4373,498.1005
21.0968,670.4373,498.1005
21.11104,670.4373,498.1005
21.1303,670.4373,498.1005
21.1512,670.4373,498.1005
21.17205,670.4373,498.1005
21.18995,670.4373,498.1005
21.21077,670.4373,498.1005
21.2304,670.4373,498.1005
21.25002,670.4373,498.1005
21.26943,670.4373,498.1005
21.29046,670.4373,498.1005
21.3095,670.4373,498.1005
21.33165,670.4373,498.1005
21.3494,670.4373,498.1005
21.36968,670.4373,498.1005
21.39048,670.4373,498.1005
21.41051,670.4373,498.1005
21.43191,670.4373,498.1005
21.45018,670.4373,498.1005
21.47203,670.4373,498.1005
21.48981,670.4373,498.1005
21.51159,670.4373,498.1005
21.53226,670.4373,498.1005
21.55123,670.4373,498.1005
21.57054,670.4373,498.1005
21.5906,670.4373,498.1005
21.60983,670.4373,498.1005
21.63128,670.4373,498.1005
21.65104,670.4373,498.1005
21.66952,670.4373,498.1005
21.69017,670.4373,498.1005
21.71132,670.4373,498.1005
21.73176,670.4373,498.1005
21.74977,670.4373,498.1005
21.76953,670.4373,498.1005
21.7894,670.4373,498.1005
21.80941,670.4373,498.1005
21.83177,670.4373,498.1005
21.84928,670.4373,498.1005
21.87082,670.4373,498.1005
21.89622,670.4373,498.1005
21.91055,670.4373,498.1005
21.93287,670.4373,498.1005
21.95022,670.4373,498.1005
21.97073,670.4373,498.1005
21.98989,670.4373,498.1005
22.01085,670.4373,498.1005
22.02998,670.4373,498.1005
22.05055,670.4373,498.1005
22.0702,670.4373,498.1005
22.09012,670.4373,498.1005
22.10968,670.4373,498.1005
22.13026,670.4373,498.1005
22.14924,670.4373,498.1005
22.16997,670.4373,498.1005
22.19084,670.4373,498.1005
22.21127,670.4373,498.1005
22.23022,670.4373,498.1005
22.25099,670.4373,498.1005
22.26966,670.4373,498.1005
22.29008,670.4373,498.1005
22.30945,670.4373,498.1005
22.33162,670.4373,498.1005
22.35081,670.4373,498.1005
22.37005,670.4373,498.1005
22.39659,670.4373,498.1005
22.41051,670.4373,498.1005
22.43092,670.4373,498.1005
22.45103,670.4373,498.1005
22.47242,670.4373,498.1005
22.49021,670.4373,498.1005
22.51046,670.4373,498.1005
22.52999,670.4373,498.1005
22.55119,670.4373,498.1005
22.57097,670.4373,498.1005
22.5965,670.4373,498.1005
22.61065,670.4373,498.1005
22.63059,670.4373,498.1005
22.65059,670.4373,498.1005
22.6705,670.4373,498.1005
22.69765,670.4373,498.1005
22.71065,670.4373,498.1005
22.72984,670.4373,498.1005
22.74996,670.4373,498.1005
22.7698,670.4373,498.1005
22.79013,670.4373,498.1005
22.80965,670.4373,498.1005
22.83056,670.4373,498.1005
22.84967,670.4373,498.1005
22.87128,670.4373,498.1005
22.89002,670.4373,498.1005
22.90979,670.4373,498.1005
22.93083,670.4373,498.1005
22.95008,670.4373,498.1005
22.97195,670.4373,498.1005
22.99127,670.4373,498.1005
23.00955,670.4373,498.1005
23.03081,670.4373,498.1005
23.05019,670.4373,498.1005
23.07192,670.4373,498.1005
23.09051,670.4373,498.1005
23.11134,670.4373,498.1005
23.13031,670.4373,498.1005
23.15014,670.4373,498.1005
23.17046,670.4373,498.1005
23.19621,670.4373,498.1005
23.2105,670.4373,498.1005
23.2307,670.4373,498.1005
23.24995,670.4373,498.1005
23.27055,670.4373,498.1005
23.2895,670.4373,498.1005
23.30975,670.4373,498.1005
23.33066,670.4373,498.1005
23.35042,670.4373,498.1005
23.37019,670.4373,498.1005
23.39059,670.4373,498.1005
23.41124,670.4373,498.1005
23.4304,670.4373,498.1005
23.44975,670.4373,498.1005
23.47184,670.4373,498.1005
23.49685,670.4373,498.1005
23.50989,670.4373,498.1005
23.53131,670.4373,498.1005
23.54946,670.4373,498.1005
23.5708,670.4373,498.1005
23.59032,670.4373,498.1005
23.61116,670.4373,498.1005
23.63132,670.4373,498.1005
23.6495,670.4373,498.1005
23.67066,670.4373,498.1005
23.69016,670.4373,498.1005
23.71009,670.4373,498.1005
23.73116,670.4373,498.1005
23.75099,670.4373,498.1005
23.77055,670.4373,498.1005
23.78969,670.4373,498.1005
23.81072,670.4373,498.1005
23.83158,670.4373,498.1005
23.84982,670.4373,498.1005
23.87101,670.4373,498.1005
23.89669,670.4373,498.1005
23.90924,670.4373,498.1005
23.93228,670.4373,498.1005
23.9503,670.4373,498.1005
23.96964,670.4373,498.1005
23.9899,670.4373,498.1005
24.01089,670.4373,498.1005
24.03077,670.4373,498.1005
24.05074,670.4373,498.1005
24.07125,670.4373,498.1005
24.09066,670.4373,498.1005
24.111,670.4373,498.1005
24.13057,670.4373,498.1005
24.14951,670.4373,498.1005
24.17078,670.4373,498.1005
24.19011,670.4373,498.1005
24.21124,670.4373,498.1005
24.2314,670.4373,498.1005
24.24955,670.4373,498.1005
24.27139,670.4373,498.1005
24.29037,670.4373,498.1005
24.31067,670.4373,498.1005
24.33109,670.4373,498.1005
24.34934,670.4373,498.1005
24.36937,670.4373,498.1005
24.39038,670.4373,498.1005
24.41004,670.4373,498.1005
24.43129,670.4373,498.1005
24.45027,670.4373,498.1005
24.47255,670.4373,498.1005
24.49109,670.4373,498.1005
24.51108,670.4373,498.1005
24.53118,670.4373,498.1005
24.55026,670.4373,498.1005
24.56975,670.4373,498.1005
24.59052,670.4373,498.1005
24.61033,670.4373,498.1005
24.63081,670.4373,498.1005
24.65111,670.4373,498.1005
24.66998,670.4373,498.1005
24.69058,670.4373,498.1005
24.71069,670.4373,498.1005
24.73163,670.4373,498.1005
24.75009,670.4373,498.1005
24.77173,670.4373,498.1005
24.79681,670.4373,498.1005
24.80987,670.4373,498.1005
24.83026,670.4373,498.1005
24.84978,670.4373,498.1005
24.87002,670.4373,498.1005
24.89169,670.4373,498.1005
24.91092,670.4373,498.1005
24.9321,670.4373,498.1005
24.95098,670.4373,498.1005
24.9711,670.4373,498.1005
24.9971,670.4373,498.1005
25.00944,670.4373,498.1005
25.03104,670.4373,498.1005
25.05005,670.4373,498.1005
25.07124,670.4373,498.1005
25.08992,670.4373,498.1005
25.11117,670.4373,498.1005
25.13018,670.4373,498.1005
25.15026,670.4373,498.1005
25.17067,670.4373,498.1005
25.19077,670.4373,498.1005
25.20971,670.4373,498.1005
25.23195,670.4373,498.1005
25.25058,670.4373,498.1005
25.27341,670.4373,498.1005
25.28997,670.4373,498.1005
25.31094,670.4373,498.1005
25.33148,670.4373,498.1005
25.35084,670.4373,498.1005
25.37002,670.4373,498.1005
25.39053,670.4373,498.1005
25.41049,670.4373,498.1005
25.43215,670.4373,498.1005
25.45011,670.4373,498.1005
25.47113,670.4373,498.1005
25.49773,670.4373,498.1005
25.50975,670.4373,498.1005
25.53161,670.4373,498.1005
25.55067,670.4373,498.1005
25.57093,670.4373,498.1005
25.59055,670.4373,498.1005
25.61025,670.4373,498.1005
25.63023,670.4373,498.1005
25.65061,670.4373,498.1005
25.67191,670.4373,498.1005
25.69036,670.4373,498.1005
25.71095,670.4373,498.1005
25.73242,670.4373,498.1005
25.74923,670.4373,498.1005
25.77205,670.4373,498.1005
25.79639,670.4373,498.1005
25.81105,670.4373,498.1005
25.83058,670.4373,498.1005
25.85088,670.4373,498.1005
25.86936,670.4373,498.1005
25.88956,670.4373,498.1005
25.90993,670.4373,498.1005
25.93109,670.4373,498.1005
25.95157,670.4373,498.1005
25.97203,670.4373,498.1005
25.99665,670.4373,498.1005
26.01145,670.4373,498.1005
26.02978,670.4373,498.1005
26.05132,670.4373,498.1005
26.07004,670.4373,498.1005
26.09677,670.4373,498.1005
26.10945,670.4373,498.1005
26.1321,670.4373,498.1005
26.1505,670.4373,498.1005
26.16975,670.4373,498.1005
26.19072,670.4373,498.1005
26.21054,670.4373,498.1005
26.23247,670.4373,498.1005
26.25099,670.4373,498.1005
26.27248,670.4373,498.1005
26.29048,670.4373,498.1005
26.30941,670.4373,498.1005
26.33151,670.4373,498.1005
26.34934,670.4373,498.1005
26.37037,914.3834,272.7258
26.38946,914.3834,272.7258
26.40992,914.3834,272.7258
26.43001,819.053,202.196
26.4506,822.9243,201.6407
26.4716,822.9243,201.6407
26.4905,873.4473,228.1518
26.51063,873.4473,228.1518
26.53387,873.2713,227.1313
26.55032,872.2891,222.7843
26.56979,872.2891,222.7843
26.58933,864.9707,195.3073
26.61001,853.7441,154.3993
26.63071,853.7441,154.3993
26.65111,843.1765,120.4308
26.66938,834.5456,95.57178
26.69712,830.0737,75.79802
26.71024,830.0737,75.79802
26.72994,826.7223,59.80417
26.75024,826.7223,59.80417
26.77242,776.8874,65.88755
26.7929,776.8874,65.88755
26.81747,776.8874,65.88755
26.83469,776.8874,65.88755
26.85492,776.8874,65.88755
26.87388,776.8874,65.88755
26.89125,776.8874,65.88755
26.915,776.8874,65.88755
26.93968,776.8874,65.88755
26.95887,776.8874,65.88755
26.97106,776.8874,65.88755
26.99393,776.8874,65.88755
27.01104,776.8874,65.88755
27.0341,776.8874,65.88755
27.05163,776.8874,65.88755
27.06977,776.8874,65.88755
27.0936,776.8874,65.88755
27.11693,776.8874,65.88755
27.13283,776.8874,65.88755
27.1498,776.8874,65.88755
27.1792,776.8874,65.88755
27.19263,776.8874,65.88755
27.22454,776.8874,65.88755
27.24941,776.8874,65.88755
27.25796,776.8874,65.88755
27.27269,776.8874,65.88755
27.29323,776.8874,65.88755
27.31708,776.8874,65.88755
27.33418,851.0612,301.9329
27.35291,851.0612,301.9329
27.37292,851.0612,301.9329
27.39541,794.5262,381.9699
27.41414,794.5262,381.9699
27.43256,808.1,431.857
27.45961,818.9961,474.8175
27.47419,818.9961,474.8175
27.49199,831.3743,505.54
27.5147,841.2448,522.5996
27.5379,844.5303,530.8442
27.55235,844.5303,530.8442
27.58156,847.3279,534.9022
27.59958,849.1929,538.445
27.6135,849.1929,538.445
27.63649,849.5302,538.6309
27.65697,849.5302,538.6309
27.67956,850.5366,538.1702
27.69248,852.0934,536.4571
27.714,852.0934,536.4571
27.73783,853.3069,536.2207
27.75594,878.6055,597.8251
27.77398,878.6055,597.8251
27.79631,913.8829,708.4874
27.81367,939.7081,787.0684
27.83245,939.7081,787.0684
27.84956,953.692,830.7089
27.87617,960.9977,855.6877
27.89098,960.9977,855.6877
27.91084,965.4355,868.2791
27.93102,970.9286,874.7449
27.95097,970.9286,874.7449
27.97156,971.5479,881.7244
27.99726,979.0988,873.6523
28.01076,979.0988,873.6523
28.03216,1024.647,853.5316
28.05005,1024.647,853.5316
28.07131,1079.118,835.1207
28.09023,1127.317,821.3257
28.11037,1127.317,821.3257
28.13157,1163.099,807.6192
28.15314,1191.876,801.0363
28.17002,1191.876,801.0363
28.19066,1212.062,801.7767
28.21195,1236.7,816.1
28.23111,1236.7,816.1
28.25458,1268.426,838.3964
28.27183,1287.804,857.6273
28.29716,1302.085,870.0114
28.30956,1302.085,870.0114
28.33129,1311.251,879.5051
28.35069,1311.251,879.5051
28.37034,1318.779,886.6381
28.39064,1324.165,892.3501
28.40988,1324.165,892.3501
28.43207,1293.741,898.7424
28.45048,1035.49,895.2206
28.47037,1035.49,895.2206
28.49717,673.587,891.3206
28.51179,471.3672,888.9587
28.53153,471.3672,888.9587
28.55029,378.3678,886.4096
28.57013,336.6097,881.3735
28.58962,336.6097,881.3735
28.61137,314.3125,875.9948
28.63121,353.5267,810.506
28.65294,353.5267,810.506
28.67675,511.4278,549.4242
28.69291,696.8441,252.7664
28.71101,696.8441,252.7664
28.74046,785.8146,110.8049
28.75416,818.9709,56.07246
28.77173,818.9709,56.07246
28.79254,831.1619,34.55261
28.81213,837.4397,24.71433
28.83759,843.2012,20.02145
28.85115,843.2012,20.02145
28.87112,830.7731,12.25096
28.89315,830.7731,12.25096
28.91326,820.0323,6.513203
28.94723,811.2264,1.373094
28.95679,811.2264,1.373094
28.97496,805.8655,-2.027816
28.9934,803.3024,-3.08021
29.01362,803.3024,-3.08021
29.03905,800.4506,-4.225108
29.05052,799.5926,-5.612391
29.06996,799.5926,-5.612391
29.08974,799.1832,-6.315954
29.11183,799.4633,-6.573623
29.13597,799.4633,-6.573623
29.1505,813.7883,-2.508565
29.17484,831.6468,3.290597
29.1914,831.6468,3.290597
29.2142,851.0507,9.504818
29.2377,869.4431,14.50014
29.25077,869.4431,14.50014
29.27054,885.2609,19.80334
29.29424,899.5448,24.35732
29.31929,899.5448,24.35732
29.33627,910.6788,28.27135
29.35338,919.3643,29.64101
29.37334,919.3643,29.64101
29.39805,927.5483,31.89762
29.41514,936.0792,32.08953
29.43307,936.0792,32.08953
29.4503,957.8664,29.41518
29.47388,978.4616,27.27936
29.49841,978.4616,27.27936
29.5107,994.2266,24.38876
29.53478,1006.089,22.23055
29.55113,1006.089,22.23055
29.5771,1015.526,20.82717
29.59229,1022.649,20.52164
29.61091,1022.649,20.52164
29.63318,1028.905,20.18622
29.65106,1028.905,20.18622
29.67212,1033.984,18.96732
29.69037,1037.519,18.54073
29.71087,1037.519,18.54073
29.73176,1038.936,18.52431
29.74942,1044.732,16.95356
29.77254,1044.732,16.95356
29.79427,1051.069,15.30519
29.81366,1056.086,13.48159
29.8338,1061.374,11.99028
29.85405,1061.374,11.99028
29.87178,1067.205,11.25421
29.89347,1067.205,11.25421
29.91057,1072.249,10.32635
29.93301,1077.475,9.392673
29.9493,1077.475,9.392673
29.97577,1081.785,9.016561
29.98984,1084.836,7.671372
30.01071,1084.836,7.671372
30.03228,1086.882,5.889274
30.05018,1089.936,4.816904
30.06978,1089.936,4.816904
30.09688,1091.901,4.188081
30.11061,1093.002,3.772687
30.13005,1093.002,3.772687
30.1505,1093.499,3.369292
30.16994,1093.854,3.202249
30.18986,1093.854,3.202249
30.21026,1093.765,3.269616
30.23106,1093.838,3.385245
30.26393,1093.703,3.429352
30.28169,1093.703,3.429352
30.28953,1093.545,3.197691
30.31096,1093.545,3.197691
30.33374,1093.509,3.14849
30.34985,1093.574,3.011477
30.36964,1093.574,3.011477
30.39078,1093.544,3.028772
30.41067,1093.475,3.191792
30.43064,1093.475,3.191792
30.45048,1093.47,3.45831
30.47255,1093.417,3.646735
30.48943,1093.417,3.646735
30.51127,1093.284,3.674218
30.5303,1093.341,3.768531
30.55014,1093.341,3.768531
30.57091,1093.398,3.967749
30.59694,1093.361,4.257995
30.60939,1093.361,4.257995
30.63095,1093.262,8.216741
30.65034,1090.642,19.16372
30.66987,1090.642,19.16372
30.69091,1088.448,32.91442
30.71136,1086.175,45.55563
30.73023,1086.175,45.55563
30.75025,1084.927,56.30178
30.77174,1084.294,66.06767
30.78926,1084.294,66.06767
30.80941,1084.008,74.22472
30.83036,1083.692,81.0301
30.8501,1083.692,81.0301
30.87152,1082.449,85.64696
30.89218,1055.276,127.3941
30.91017,1055.276,127.3941
30.93084,1017.227,186.1833
30.94929,1017.227,186.1833
30.97073,986.217,233.712
30.99071,965.1208,268.0133
31.00991,965.1208,268.0133
31.03103,953.216,290.5052
31.05022,946.2899,301.0661
31.06977,946.2899,301.0661
31.09771,942.262,305.9171
31.10987,939.121,311.8092
31.13142,939.121,311.8092
31.15086,938.1144,314.2727
31.16994,937.7199,316.5456
31.18983,937.7199,316.5456
31.20979,937.2814,317.7093
31.2332,938.1346,317.9728
31.25027,938.1346,317.9728
31.26976,938.8925,318.578
31.29668,943.1361,310.985
31.31101,943.1361,310.985
31.33,954.5366,290.3419
31.35027,972.6511,258.5916
31.37049,972.6511,258.5916
31.39133,990.322,228.411
31.4096,1003.378,205.9878
31.43007,1003.378,205.9878
31.44951,1012.61,188.4499
31.47199,1018.574,178.8601
31.49088,1018.574,178.8601
31.51093,1021.603,172.2963
31.5313,1023.864,167.2563
31.54967,1023.864,167.2563
31.57022,1025.29,162.9538
31.58931,1026.146,159.9174
31.61091,1026.146,159.9174
31.62995,1027.018,156.3069
31.65054,1027.708,153.7699
31.6699,1027.708,153.7699
31.68962,1028.617,152.8881
31.71053,1028.516,151.4279
31.7318,1028.516,151.4279
31.75131,1028.956,151.3509
31.77197,1030.044,150.893
31.79657,1030.044,150.893
31.81062,1030.598,150.4645
31.83214,1030.777,150.6133
31.85172,1030.777,150.6133
31.86967,1030.528,150.5278
31.89132,1030.514,150.3541
31.90948,1030.514,150.3541
31.93154,1030.542,150.41
31.95088,1030.697,150.4035
31.96994,1030.697,150.4035
31.9906,1031.132,150.2943
32.0102,1031.468,150.2498
32.03155,1031.468,150.2498
32.05239,1032.076,150.1325
32.06946,1032.515,150.0249
32.09686,1032.515,150.0249
32.11198,1033.103,150.1234
32.13113,1033.371,149.9499
32.15027,1033.371,149.9499
32.16977,1033.565,149.4615
32.1903,1034.12,148.8932
32.21013,1034.12,148.8932
32.2314,1034.615,139.5211
32.25033,1034.63,119.5514
32.27217,1034.63,119.5514
32.28963,1034.996,98.5471
32.31049,1035.189,80.48177
32.32983,1035.189,80.48177
32.35185,1036.202,65.62029
32.37118,1036.504,55.34262
32.39143,1036.504,55.34262
32.40961,1036.017,47.92271
32.43137,1036.603,43.36162
32.45052,1036.603,43.36162
32.47005,1037.308,39.42982
32.49008,1037.308,39.42982
32.5107,1038.052,36.98384
32.52977,1027.345,36.34811
32.55113,1027.345,36.34811
32.57096,1014.3,34.64075
32.58945,1003.654,32.61848
32.60976,1003.654,32.61848
32.63175,995.5411,30.43258
32.64999,987.9088,29.70603
32.67135,987.9088,29.70603
32.69627,981.6734,28.97807
32.71115,976.4918,28.36808
32.73008,976.4918,28.36808
32.75151,971.6907,27.72887
32.77015,967.6974,27.42321
32.78975,967.6974,27.42321
32.81055,964.3425,27.16721
32.83112,961.7358,27.07089
32.85028,961.7358,27.07089
32.87001,960.3287,26.61856
32.89185,960.051,26.27509
32.90978,960.051,26.27509
32.93113,967.1949,25.46736
32.95102,979.175,24.1207
32.96978,979.175,24.1207
32.99131,996.5055,22.22444
33.00964,1014.983,20.25338
33.03206,1014.983,20.25338
33.05169,1031.501,19.12471
33.06953,1044.929,18.52719
33.08988,1044.929,18.52719
33.1109,1055.502,17.54544
33.13206,1061.505,16.5265
33.15155,1061.505,16.5265
33.17073,1065.42,15.35539
33.1967,1069.717,14.0771
33.21019,1069.717,14.0771
33.23098,1072.96,14.06584
33.25064,1076.775,14.52802
33.27051,1076.775,14.52802
33.2898,1079.35,15.33468
33.30923,1081.991,14.9579
33.33051,1081.991,14.9579
33.3495,1084.391,15.46023
33.37112,1086.764,15.74733
33.39309,1086.764,15.74733
33.41088,1088.952,16.30469
33.4297,1090.531,16.81239
33.45046,1090.531,16.81239
33.46957,1091.97,17.783
33.4912,1092.427,17.76129
33.50984,1092.427,17.76129
33.53249,1092.547,18.30129
33.54985,1092.569,18.69919
33.56992,1092.569,18.69919
33.59099,1091.927,18.44454
33.60928,1091.927,18.44454
33.63107,1091.74,18.41076
33.65047,1091.427,18.55373
33.67409,1091.284,18.47873
33.68976,1091.284,18.47873
33.71009,1091.116,18.26644
33.73533,1090.988,18.27361
33.75132,1090.988,18.27361
33.77256,1090.951,18.65824
33.78932,1090.951,18.65824
33.81014,1090.988,18.90169
33.83382,1091.264,19.55371
33.84951,1091.264,19.55371
33.8695,1091.464,20.30399
33.89078,1091.649,20.69499
33.91081,1091.649,20.69499
33.93073,1091.786,20.86485
33.95164,1091.977,21.1569
33.97117,1091.977,21.1569
33.99154,1091.945,21.46733
34.01003,1092.033,21.59602
34.02999,1092.033,21.59602
34.05046,1092.265,21.78773
34.06994,1092.686,22.15359
34.09037,1092.686,22.15359
34.10987,1093.27,22.48198
34.13223,1093.524,22.28571
34.15052,1093.524,22.28571
34.17218,1093.697,21.94251
34.1977,1093.978,21.71997
34.21105,1093.978,21.71997
34.23188,1094.148,21.65568
34.25068,1094.181,21.76052
34.27081,1094.181,21.76052
34.29056,1094.155,21.94238
34.31083,1094.201,22.13201
34.32968,1094.201,22.13201
34.34982,1094.183,22.13435
34.37154,1093.997,22.14836
34.39172,1093.997,22.14836
34.41302,1093.857,22.13496
34.43359,1093.53,22.16787
34.45124,1093.53,22.16787
34.47206,1093.15,21.92703
34.49719,1092.923,21.88647
34.51088,1092.923,21.88647
34.53076,1092.658,21.88305
34.54956,1092.333,22.11445
34.5699,1092.333,22.11445
34.59063,1092.394,22.41099
34.61125,1092.421,22.4925
34.63116,1092.421,22.4925
34.65007,1092.48,22.58709
34.6706,1092.631,22.71485
34.69039,1092.631,22.71485
34.70951,1093.03,22.89623
34.73063,1093.56,23.09485
34.75058,1093.56,23.09485
34.76951,1093.976,23.26109
34.7896,1093.732,23.12226
34.81057,1093.732,23.12226
34.83226,1093.283,22.73884
34.85056,1093.1,22.57737
34.87026,1093.1,22.57737
34.89033,1093.013,22.49016
34.91472,1093.046,22.4126
34.93526,1093.046,22.4126
34.95166,1093.077,22.19361
34.97295,1093.141,21.81354
35.00029,1093.306,21.39272
35.00969,1093.306,21.39272
35.0337,1093.365,20.97625
35.05132,1093.365,20.97625
35.07079,1093.29,20.63486
35.09111,1092.783,20.06657
35.11026,1092.783,20.06657
35.13183,1092.311,19.31079
35.15103,1091.603,18.77527
35.16984,1091.603,18.77527
35.19978,1091.125,17.96466
35.21091,1090.686,17.10371
35.23356,1090.686,17.10371
35.25092,1090.718,16.74831
35.27025,1090.718,16.74831
35.29045,1090.823,16.55278
35.31098,1091.037,16.57738
35.33231,1091.156,16.60627
35.35025,1091.156,16.60627
35.37085,1091.208,16.66304
35.3909,1091.208,16.66304
35.40978,1091.416,16.79939
35.43175,1091.668,17.34522
35.45045,1091.668,17.34522
35.46936,1091.864,17.87779
35.49002,1091.837,18.7246
35.51011,1091.837,18.7246
35.53193,1092.046,19.81654
35.55019,1093.182,21.85651
35.56968,1093.182,21.85651
35.58963,1095.587,25.26687
35.60975,1098.378,30.27647
35.63263,1098.378,30.27647
35.65001,1100.926,34.74767
35.67034,1103.565,38.33808
35.69111,1103.565,38.33808
35.71078,1105.787,40.63371
35.73235,1106.579,43.21227
35.75028,1106.579,43.21227
35.76952,1107.432,46.06942
35.79009,1108.82,49.02216
35.81015,1108.82,49.02216
35.83759,1109.958,52.1408
35.85199,1111.916,55.25186
35.87818,1112.139,56.93818
35.89059,1112.139,56.93818
35.91155,1113.219,58.19803
35.93855,1115.606,60.13765
35.95398,1115.606,60.13765
35.97781,1116.989,61.02562
35.99526,1116.989,61.02562
36.0159,1118.563,61.81834
36.03555,1110.071,59.51419
36.0495,1110.071,59.51419
36.07113,1095.293,53.30185
36.09102,1075.177,45.02427
36.11109,1075.177,45.02427
36.13485,1052.298,36.82176
36.15092,1031.104,30.29269
36.17912,1014.685,24.84176
36.1939,1014.685,24.84176
36.21396,1004.156,21.22259
36.23931,997.0014,19.12779
36.25098,997.0014,19.12779
36.27182,991.769,16.79892
36.29406,991.769,16.79892
36.31015,988.4229,15.42913
36.33324,986.0797,15.74599
36.35107,986.0797,15.74599
36.3711,983.7388,16.11526
36.39419,981.1283,16.12109
36.41568,981.1283,16.12109
36.43701,979.3254,16.56645
36.45441,978.1671,16.87439
36.47548,978.1671,16.87439
36.48941,977.0889,16.95838
36.51176,976.0534,17.23455
36.53193,976.0534,17.23455
36.55123,974.566,17.58761
36.57054,973.1901,17.79011
36.59644,973.1901,17.79011
36.60957,969.508,18.00314
36.6309,968.2332,17.84541
36.65069,968.2332,17.84541
36.67402,967.2991,17.39576
36.68956,967.2991,17.39576
36.71155,966.4602,16.53488
36.73376,965.4518,15.91631
36.75056,965.4518,15.91631
36.77046,964.755,15.39005
36.7908,964.0972,15.1122
36.81114,964.0972,15.1122
36.83184,963.2211,15.04068
36.85028,962.2495,14.83181
36.87243,961.8917,14.40489
36.89067,961.8917,14.40489
36.91109,961.1462,13.9226
36.93292,960.525,13.37522
36.95136,960.525,13.37522
36.97554,959.7579,12.93381
36.99998,960.7303,12.37202
37.01381,960.7303,12.37202
37.03598,963.9981,13.57792
37.05329,967.672,14.39376
37.07126,967.672,14.39376
37.09271,972.1282,15.27918
37.10972,972.1282,15.27918
37.13458,977.8804,17.45924
37.15056,982.1708,18.4918
37.16985,982.1708,18.4918
37.19153,985.916,19.11847
37.21149,989.0382,19.48762
37.23241,989.0382,19.48762
37.25135,991.0879,19.37601
37.2742,992.6819,19.5397
37.29741,994.298,19.86447
37.31097,994.298,19.86447
37.34066,995.3845,19.46449
37.35278,995.3845,19.46449
37.37554,996.424,19.36347
37.39268,997.0988,19.31635
37.41364,997.0988,19.31635
37.43871,997.6467,19.16144
37.45275,998.3051,18.87615
37.47332,998.3051,18.87615
37.49198,998.5144,18.58939
37.51146,998.9935,18.08116
37.53175,998.9935,18.08116
37.55054,999.2428,17.74057
37.57035,999.6597,17.4386
37.59104,999.6597,17.4386
37.61171,999.9883,17.29716
37.63094,1000.221,17.0535
37.65031,1000.221,17.0535
37.67032,1000.628,16.99954
37.69476,1000.158,17.19233
37.71128,1000.158,17.19233
37.73219,1000.484,17.18126
37.75148,1000.771,16.82352
37.77111,1000.771,16.82352
37.79982,1000.9,16.67484
37.81075,1000.811,16.5448
37.83078,1000.811,16.5448
37.85051,1000.674,16.2689
37.87135,999.9994,15.87958
37.89061,999.9994,15.87958
37.91174,1000.286,14.98933
37.93168,979.2439,-33.39386
37.94998,979.2439,-33.39386
37.96991,979.2439,-33.39386
37.98943,979.2439,-33.39386
38.01056,979.2439,-33.39386
38.03257,979.2439,-33.39386
38.05173,979.2439,-33.39386
38.07043,979.2439,-33.39386
38.09717,938.8812,-79.92229
38.11118,936.5195,-38.34521
38.13389,936.5195,-38.34521
38.15029,931.1057,-38.54027
38.16967,931.1057,-38.54027
38.19085,927.5071,-33.36933
38.20998,923.1395,-28.11097
38.2318,920.0186,-23.25253
38.25116,920.0186,-23.25253
38.2708,930.6612,-16.02573
38.28935,930.6612,-16.02573
38.31019,942.7504,-8.856984
38.3311,955.6761,-1.458316
38.35071,955.6761,-1.458316
38.37019,966.5182,4.207051
38.39079,974.967,8.62751
38.40942,974.967,8.62751
38.4317,981.1675,12.27188
38.45003,985.8358,13.74047
38.47112,985.8358,13.74047
38.49053,988.9721,14.21773
38.51183,991.8546,14.33323
38.53044,991.8546,14.33323
38.54938,993.6909,14.24435
38.57,994.9728,13.46651
38.58966,994.9728,13.46651
38.6095,990.2241,11.7548
38.63121,983.5068,9.731586
38.64996,983.5068,9.731586
38.67059,969.7549,4.968797
38.69738,953.2614,-0.7680259
38.71003,953.2614,-0.7680259
38.73199,936.4114,-6.526433
38.75051,921.6423,-11.15952
38.76978,921.6423,-11.15952
38.7906,910.0914,-14.43722
38.81036,900.9631,-16.70449
38.83184,900.9631,-16.70449
38.84946,893.9131,-18.53593
38.87057,888.3225,-19.87294
38.88991,888.3225,-19.87294
38.91167,884.4203,-21.58385
38.93024,881.5946,-22.4499
38.9503,881.5946,-22.4499
38.96955,879.2467,-23.20481
38.99091,877.2348,-23.67349
39.01176,877.2348,-23.67349
39.03368,876.158,-24.31927
39.05093,877.399,-23.47132
39.0711,877.399,-23.47132
39.09715,879.9184,-20.62986
39.10976,882.3205,-18.4874
39.13112,882.3205,-18.4874
39.15104,885.2484,-15.59834
39.17131,888.2095,-12.40389
39.1971,888.2095,-12.40389
39.20977,890.9066,-9.425277
39.23007,893.5908,-5.920468
39.25096,893.5908,-5.920468
39.26978,895.9552,-2.394076
39.2905,897.8128,0.3863904
39.311,897.8128,0.3863904
39.33095,899.5203,2.791011
39.35023,900.74,4.535841
39.36984,900.74,4.535841
39.39766,901.5707,5.272583
39.41117,902.084,5.835179
39.43218,902.084,5.835179
39.44974,902.7747,6.224565
39.47162,903.4985,6.30145
39.49072,903.4985,6.30145
39.51051,903.9741,6.597662
39.53038,904.4419,6.95494
39.54962,904.4419,6.95494
39.57127,905.2371,7.722584
39.59027,905.2371,7.722584
39.61118,906.3263,8.493983
39.63291,907.5967,9.225698
39.64963,907.5967,9.225698
39.66953,909.3899,9.65832
39.6898,911.1572,10.39768
39.70979,911.1572,10.39768
39.73118,912.3605,10.9773
39.7496,913.5519,11.82176
39.76974,913.5519,11.82176
39.79053,914.5319,12.44904
39.81018,915.6033,12.82033
39.8313,915.6033,12.82033
39.84972,916.4633,13.0164
39.87017,917.2581,13.029
39.89035,917.2581,13.029
39.91052,917.7321,12.80417
39.93502,918.5322,12.57768
39.94962,918.5322,12.57768
39.97244,919.2207,12.29587
39.99746,918.2597,11.07831
40.01225,918.2597,11.07831
40.03138,916.9777,8.983446
40.05095,915.8669,6.14158
40.0713,915.8669,6.14158
40.09109,914.5882,2.817891
40.11185,913.071,-0.4519053
40.13108,913.071,-0.4519053
40.1493,911.7698,-3.017334
40.17136,910.7296,-4.941675
40.18942,910.7296,-4.941675
40.21008,909.4737,-7.160819
40.23325,908.1516,-9.194822
40.25123,908.1516,-9.194822
40.27275,907.307,-11.14638
40.29799,905.9502,-12.77203
40.31087,905.9502,-12.77203
40.33088,904.5128,-14.042
40.34974,903.225,-15.00002
40.37127,903.225,-15.00002
40.38998,901.7413,-16.28126
40.41203,900.7728,-17.55982
40.43038,900.7728,-17.55982
40.45091,899.8218,-18.16538
40.46953,899.573,-18.05893
40.49766,899.6924,-17.79563
40.51144,899.6924,-17.79563
40.53115,900.0043,-17.73168
40.54959,900.0043,-17.73168
40.57091,900.2543,-17.95007
40.58968,900.2333,-18.22584
40.60974,900.2333,-18.22584
40.63126,900.2996,-18.48378
40.65108,900.2546,-18.64559
40.67056,900.2546,-18.64559
40.69922,900.2677,-18.64452
40.71062,900.296,-18.7027
40.73045,900.296,-18.7027
40.74945,899.9355,-19.00622
40.77108,898.8658,-19.03866
40.79012,898.8658,-19.03866
40.80982,903.744,-29.17356
40.83076,903.744,-29.17356
40.8509,903.744,-29.17356
40.87033,903.744,-29.17356
40.89039,901.0249,-30.72306
40.91057,901.0249,-30.72306
40.93366,906.4734,-28.25912
40.95168,914.4078,-23.53326
40.97089,914.4078,-23.53326
40.99057,923.9705,-15.13046
41.00982,923.9705,-15.13046
41.03379,933.8318,-5.882394
41.05059,942.6696,2.761182
41.07024,942.6696,2.761182
41.09017,950.1598,8.32627
41.11107,955.0224,12.14351
41.13053,955.0224,12.14351
41.14928,959.3751,15.04859
41.17081,963.0011,16.82365
41.18969,963.0011,16.82365
41.21032,974.7868,25.46595
41.23103,987.236,36.78824
41.25013,987.236,36.78824
41.27141,997.644,47.21284
41.29072,1006.639,56.15612
41.30952,1006.639,56.15612
41.33182,1013.247,61.65444
41.35044,1016.758,64.70699
41.37117,1016.758,64.70699
41.38932,1018.314,66.42574
41.40926,1018.583,68.01218
41.43132,1018.583,68.01218
41.45158,1024.555,73.91216
41.46957,1031.233,80.93343
41.49062,1031.233,80.93343
41.50936,1037.053,88.81118
41.53157,1042.309,95.62366
41.55095,1042.309,95.62366
41.57061,1046.249,101.2081
41.58997,1048.704,104.8123
41.61143,1048.704,104.8123
41.63219,1050.325,107.0557
41.64928,1051.437,107.8582
41.67065,1051.437,107.8582
41.69044,1052.173,108.4981
41.7109,1053.047,108.4828
41.73032,1053.047,108.4828
41.75029,1053.826,108.4749
41.77131,1054.733,108.7366
41.79078,1054.733,108.7366
41.80944,1055.965,109.1641
41.83036,1057.057,110.2468
41.85016,1057.057,110.2468
41.87126,1058.151,110.9922
41.88984,1059.494,111.7713
41.91,1059.494,111.7713
41.93045,1060.399,112.1121
41.95042,1060.908,111.7854
41.97148,1060.908,111.7854
41.991,1061.369,111.7214
42.00965,1062.047,112.2432
42.03043,1062.047,112.2432
42.0519,1062.339,112.3956
42.07037,1062.428,112.9222
42.08953,1062.428,112.9222
42.11065,1062.733,113.7094
42.13721,1063.285,114.5711
42.15179,1063.285,114.5711
42.17141,1063.742,115.2135
42.19078,1063.666,115.9208
42.21031,1063.666,115.9208
42.23072,1063.349,116.5963
42.2511,1063.021,117.0169
42.2706,1063.021,117.0169
42.28959,1062.525,118.1654
42.31122,1062.007,119.3916
42.33159,1062.007,119.3916
42.34983,1061.553,120.7532
42.37113,1061.26,121.4827
42.38968,1061.26,121.4827
42.40997,1060.879,121.7327
42.42966,1060.879,121.7327
42.44933,1060.298,122.0433
42.4697,1059.849,122.1719
42.49667,1059.633,122.346
42.5096,1059.633,122.346
42.53203,1059.601,122.6888
42.55029,1059.601,122.6888
42.57065,1059.578,123.0222
42.59025,1059.483,123.2894
42.61056,1059.483,123.2894
42.63216,1059.19,123.754
42.6503,1058.946,124.769
42.67105,1058.946,124.769
42.69714,1058.147,126.1417
42.71008,1057.19,127.2753
42.72993,1057.19,127.2753
42.75032,1055.867,127.6868
42.76954,1054.64,128.5184
42.78989,1054.64,128.5184
42.8105,1053.33,128.3128
42.83267,1052.882,128.2425
42.84986,1052.882,128.2425
42.86965,1052.462,128.2964
42.8969,1049.525,125.0243
42.90981,1049.525,125.0243
42.9314,1040.236,115.017
42.95054,1029.085,101.2444
42.97305,1029.085,101.2444
42.99014,1019.126,88.31836
43.01063,1011.126,78.55777
43.03136,1011.126,78.55777
43.05096,1004.314,72.52776
43.07128,998.9065,67.36942
43.09692,995.4705,62.52827
43.1106,995.4705,62.52827
43.13393,993.0129,59.04397
43.1506,993.0129,59.04397
43.1715,989.8792,56.02427
43.1894,986.8706,51.74417
43.21101,986.8706,51.74417
43.23202,984.1602,49.00111
43.25001,982.1865,47.37727
43.27164,982.1865,47.37727
43.28951,981.1986,45.84246
43.3104,980.9943,45.08031
43.33021,980.9943,45.08031
43.34953,981.0617,45.12435
43.36967,980.4414,44.8782
43.39054,980.4414,44.8782
43.41014,979.8481,44.40282
43.43194,979.4203,43.7445
43.45069,979.4203,43.7445
43.47108,979.0292,43.39145
43.49077,979.2067,43.8181
43.51051,979.2067,43.8181
43.5312,979.8443,44.12738
43.55048,980.35,44.08891
43.57108,980.35,44.08891
43.59755,980.9313,44.62402
43.60938,982.0247,45.58968
43.63132,982.0247,45.58968
43.64968,983.259,46.62397
43.67153,984.5802,48.15155
43.68969,984.5802,48.15155
43.71157,985.4017,49.41208
43.73151,986.485,50.61282
43.75001,986.485,50.61282
43.77068,987.5329,52.48172
43.7909,989.165,56.37826
43.81117,989.165,56.37826
43.83045,992.13,61.08622
43.85093,994.3358,65.22032
43.86972,994.3358,65.22032
43.89779,994.5807,67.97906
43.90987,994.5807,67.97906
43.93013,994.1522,69.70901
43.94994,993.5887,71.23666
43.96978,993.5887,71.23666
43.99121,992.6911,72.83664
44.01083,992.3439,74.51738
44.03202,992.389,76.18272
44.05036,992.389,76.18272
44.07195,991.9561,77.81326
44.09033,991.9561,77.81326
44.11073,991.6421,79.22501
44.13054,992.2657,80.28377
44.14922,992.2657,80.28377
44.17052,993.4036,81.31089
44.18943,994.9386,79.13605
44.21127,994.9386,79.13605
44.23007,996.3256,75.96205
44.25107,998.7995,70.87342
44.27,998.7995,70.87342
44.29009,1002.092,64.41259
44.3108,1005.713,57.51706
44.3319,1005.713,57.51706
44.35119,1008.97,50.96319
44.37127,1011.858,45.47452
44.39281,1011.858,45.47452
44.40987,1014.689,40.6331
44.4351,1016.011,36.72946
44.45073,1016.011,36.72946
44.47573,1017.287,33.96032
44.49179,1018.616,32.58899
44.51432,1018.616,32.58899
44.53448,1009.956,26.63921
44.5503,999.7382,19.56082
44.57581,990.2578,13.14637
44.59861,990.2578,13.14637
44.61119,981.6556,6.518632
44.6364,973.9058,0.3580361
44.65245,973.9058,0.3580361
44.67377,966.6546,-4.427677
44.69044,966.6546,-4.427677
44.71333,961.3315,-7.906879
44.73769,957.3118,-10.05229
44.75385,957.3118,-10.05229
44.77767,954.4291,-10.61173
44.79061,952.0168,-12.03253
44.81258,952.0168,-12.03253
44.8356,949.8176,-13.968
44.85303,949.0237,-14.73377
44.87555,949.0237,-14.73377
44.89466,948.2021,-16.47672
44.91356,946.4583,-18.85245
44.93185,946.4583,-18.85245
44.95135,945.1102,-20.94343
44.97237,943.9648,-22.505
44.99023,943.9648,-22.505
45.01121,942.6796,-24.45883
45.03145,942.0076,-25.74061
45.05181,942.0076,-25.74061
45.07046,941.4434,-26.68441
45.09148,941.1962,-27.55059
45.11357,941.1962,-27.55059
45.13219,941.2828,-29.19152
45.15211,941.5892,-30.04041
45.17112,941.5892,-30.04041
45.19009,941.3817,-30.31122
45.21264,941.2855,-30.44689
45.2305,941.2855,-30.44689
45.25402,941.1962,-30.62077
45.27175,941.1284,-30.93206
45.29193,941.1284,-30.93206
45.31081,940.8627,-31.38412
45.33052,940.8533,-32.08969
45.35144,940.8533,-32.08969
45.36981,940.8952,-32.61964
45.3908,940.7713,-32.7462
45.4123,940.7713,-32.7462
45.442,940.4775,-32.69794
45.45071,940.4775,-32.69794
45.47304,940.2669,-32.60155
45.49087,939.9028,-32.70343
45.51004,939.9028,-32.70343
45.53284,939.3993,-32.51802
45.54945,939.0275,-32.49148
45.57183,939.0275,-32.49148
45.59075,938.9105,-32.42686
45.61344,938.854,-32.30929
45.63298,938.816,-32.18233
45.65054,938.816,-32.18233
45.67038,938.7925,-32.03486
45.69264,938.683,-31.94531
45.71441,938.683,-31.94531
45.74049,938.452,-31.53896
45.75243,938.452,-31.53896
45.77008,938.1275,-30.89305
45.79209,937.7854,-30.46271
45.81025,937.7854,-30.46271
45.83453,937.3682,-30.09149
45.85106,936.952,-29.35226
45.86943,936.952,-29.35226
45.89008,936.4429,-28.58395
45.91079,935.8311,-27.91082
45.93246,935.8311,-27.91082
45.95042,935.4076,-27.50367
45.97048,935.1112,-27.07386
45.98932,935.1112,-27.07386
46.01063,934.8766,-26.66256
46.03373,936.1622,-24.80351
46.04964,936.1622,-24.80351
46.07211,944.2031,-9.250592
46.08951,955.5898,14.70659
46.1093,955.5898,14.70659
46.13104,966.5689,37.83883
46.15015,974.3182,56.65322
46.171,974.3182,56.65322
46.19684,979.9628,69.76941
46.2097,986.1763,79.83184
46.2321,986.1763,79.83184
46.2509,989.7851,86.62649
46.27186,992.2602,91.28283
46.28988,992.2602,91.28283
46.31022,995.0355,95.0742
46.3307,996.2554,97.82201
46.34939,996.2554,97.82201
46.37009,997.4048,99.84215
46.39077,998.824,101.4152
46.4107,998.824,101.4152
46.43249,1000.098,102.869
46.45101,1001.201,104.2312
46.47004,1001.201,104.2312
46.49007,1001.699,105.1212
46.51062,1002.276,105.7884
46.5321,1002.276,105.7884
46.54926,1002.594,106.6389
46.57185,1002.691,107.6338
46.59018,1002.691,107.6338
46.61059,1002.475,108.1136
46.63147,1002.111,108.4068
46.64949,1002.111,108.4068
46.67144,1001.911,108.872
46.69066,1001.351,109.4815
46.71106,1001.351,109.4815
46.73481,1000.878,110.3865
46.75096,1000.424,111.252
46.76936,1000.424,111.252
46.79203,1000.359,112.2794
46.81096,1000.294,113.5111
46.83108,1000.294,113.5111
46.84925,1000.361,114.7329
46.87541,1000.609,115.8467
46.89084,1000.609,115.8467
46.90944,1000.887,116.8777
46.93137,1001.303,117.6252
46.95087,1001.303,117.6252
46.97191,1001.68,118.861
46.98996,1001.68,118.861
47.01191,1001.771,119.9919
47.03024,1001.34,119.8021
47.05158,1001.34,119.8021
47.0726,1001.682,119.8881
47.0898,1001.818,119.6083
47.11018,1001.818,119.6083
47.131,1001.942,120.7114
47.15095,1002.802,120.8491
47.17001,1002.802,120.8491
47.19701,1003.188,121.2733
47.21025,1003.429,121.4351
47.23069,1003.429,121.4351
47.25103,1003.636,121.3294
47.27198,1003.59,121.4702
47.29783,1003.227,121.5055
47.30988,1003.227,121.5055
47.33186,1002.022,121.2217
47.35018,1002.022,121.2217
47.37007,1001.221,120.5808
47.39064,1000.482,119.8062
47.40928,1000.482,119.8062
47.43232,1000.097,118.8928
47.4501,999.8146,118.8581
47.47014,999.8146,118.8581
47.49089,999.5259,118.9777
47.5097,998.8635,118.8663
47.53436,998.8635,118.8663
47.54933,997.9039,118.7788
47.57343,996.7867,118.6766
47.5908,996.7867,118.6766
47.61124,993.8625,114.9541
47.63046,988.6756,94.83416
47.64995,988.6756,94.83416
47.66938,979.9186,69.93143
47.69134,969.555,47.47139
47.71049,969.555,47.47139
47.73033,961.8239,29.88983
47.75114,955.7908,17.82859
47.76976,955.7908,17.82859
47.78964,952.4006,6.178045
47.80958,950.7352,-2.676949
47.83035,950.7352,-2.676949
47.85014,949.0788,-7.217527
47.87323,947.0314,-11.01982
47.8908,947.0314,-11.01982
47.91182,946.1809,-13.46701
47.9311,945.656,-15.54445
47.95009,945.656,-15.54445
47.97153,946.0928,-17.09757
47.98953,946.4789,-18.0289
48.01102,946.4789,-18.0289
48.03059,947.7499,-18.9597
48.05129,948.2708,-20.00284
48.07273,948.2708,-20.00284
48.09078,949.1177,-20.00352
48.11129,949.6581,-20.068
48.13069,949.6581,-20.068
48.14952,949.8895,-20.68429
48.17142,949.7701,-21.2869
48.19069,949.7701,-21.2869
48.21128,950.1462,-21.63171
48.23277,950.694,-22.31074
48.25024,950.694,-22.31074
48.2713,950.8229,-23.06243
48.29705,951.049,-23.52964
48.31071,951.049,-23.52964
48.33092,951.1496,-24.13627
48.35027,951.1496,-24.13627
48.37228,951.3473,-24.63619
48.38934,951.4668,-24.89896
48.40945,951.4668,-24.89896
48.43118,951.3,-25.005
48.45106,951.5229,-24.50817
48.47031,951.5229,-24.50817
48.49025,951.9288,-24.12716
48.51092,951.776,-23.82445
48.53056,951.776,-23.82445
48.55038,952.0512,-23.19394
48.57122,952.8981,-22.22159
48.59091,952.8981,-22.22159
48.61211,950.3079,-17.25442
48.63514,944.4357,-5.051338
48.65127,944.4357,-5.051338
48.66993,939.2554,9.279056
48.69754,932.8495,25.41193
48.71127,932.8495,25.41193
48.73117,928.2793,40.2407
48.75041,926.5952,53.09285
48.77024,926.5952,53.09285
48.79136,925.7273,61.49431
48.81078,925.186,67.97926
48.83175,925.186,67.97926
48.85003,924.9719,73.86115
48.87035,923.9885,78.94717
48.89004,923.9885,78.94717
48.91122,925.3171,82.13612
48.93545,926.2296,83.70801
48.95203,926.2296,83.70801
48.96951,927.3468,85.31602
48.99181,928.8933,88.02818
49.01015,928.8933,88.02818
49.0337,929.2943,89.11115
49.04988,930.7399,89.98731
49.06937,930.7399,89.98731
49.0915,932.4834,91.02637
49.11118,933.6945,92.06543
49.13142,933.6945,92.06543
49.15132,934.1965,92.64813
49.17191,934.6149,92.86572
49.18965,934.6149,92.86572
49.21137,935.4341,92.62386
49.23083,935.6883,92.82
49.24946,935.6883,92.82
49.2711,935.9632,93.01506
49.28939,936.2506,92.83695
49.31014,936.2506,92.83695
49.33173,936.6627,92.78675
49.35053,936.8344,92.71563
49.37074,936.8344,92.71563
49.39039,937.3587,92.71027
49.41076,937.371,92.85713
49.43265,937.371,92.85713
49.44965,937.1716,92.73286
49.47101,936.9094,92.6431
49.4898,936.9094,92.6431
49.50951,936.8019,92.71864
49.53043,936.9465,93.12063
49.55,936.9465,93.12063
49.57187,949.046,90.84391
49.59046,978.366,82.41121
49.61126,978.366,82.41121
49.63229,1011.5,74.0607
49.64929,1011.5,74.0607
49.67077,1039.601,66.27264
49.69021,1061.876,60.0477
49.71267,1078.159,54.79987
49.73265,1078.159,54.79987
49.75247,1088.925,52.13229
49.77091,1077.088,47.02636
49.80043,1077.088,47.02636
49.81558,1057.712,41.44606
49.83649,1042.256,36.45396
49.84998,1042.256,36.45396
49.87567,1027.907,30.63019
49.8925,1013.592,25.36507
49.91105,1013.592,25.36507
49.93392,1001.394,21.57364
49.95499,989.7006,18.50413
49.97016,989.7006,18.50413
49.98968,981.5447,15.67352
50.01512,975.4606,12.86437
50.03894,975.4606,12.86437
50.05455,970.5806,9.998237
50.07484,958.9996,7.706028
50.08936,958.9996,7.706028
50.11481,949.2556,6.169398
50.14077,940.8149,5.362138
50.15324,940.8149,5.362138
50.17842,934.3348,4.834265
50.19296,934.3348,4.834265
50.21164,929.0314,4.255582
50.2335,924.4532,3.596797
50.25153,924.4532,3.596797
50.27548,920.9724,3.408706
50.29426,918.2168,3.261639
50.31389,918.2168,3.261639
50.33429,909.4545,-0.6661379
50.34927,894.827,-10.62876
50.37152,894.827,-10.62876
50.39108,881.0103,-18.17516
50.41167,868.7672,-25.14014
50.43298,868.7672,-25.14014
50.45028,858.4917,-31.88297
50.47173,851.4641,-37.19602
50.49001,851.4641,-37.19602
50.51112,845.4644,-42.21762
50.53136,841.8687,-44.92569
50.55115,841.8687,-44.92569
50.57098,839.4767,-47.04724
50.58973,837.8793,-49.42739
50.612,837.8793,-49.42739
50.63224,835.9347,-51.07368
50.64991,834.2186,-51.93919
50.67076,834.2186,-51.93919
50.69068,836.011,-49.9623
50.71515,840.2252,-45.66813
50.74109,847.6313,-36.06895
50.74965,847.6313,-36.06895
50.76986,859.4964,-21.24548
50.79064,859.4964,-21.24548
50.81155,871.599,-5.705699
50.83165,881.3953,7.726674
50.84969,881.3953,7.726674
50.87164,890.1346,17.55014
50.90188,896.6713,24.14745
50.91278,896.6713,24.14745
50.93593,902.6777,20.36606
50.94972,906.9161,15.77347
50.97141,906.9161,15.77347
50.99219,909.4329,12.70758
51.0158,911.3771,10.48629
51.03414,911.3771,10.48629
51.05103,911.827,8.478833
51.081,906.7162,6.420833
51.10139,896.7116,2.229354
51.11169,896.7116,2.229354
51.13412,880.7813,-5.146523
51.15311,880.7813,-5.146523
51.17038,864.6061,-12.0147
51.18971,864.6061,-12.0147
51.20943,849.5184,-17.29089
51.24003,837.7808,-21.04827
51.25409,828.6353,-23.84107
51.27412,828.6353,-23.84107
51.29746,820.3725,-28.35725
51.30957,820.3725,-28.35725
51.33261,814.1248,-31.83685
51.35108,809.6721,-33.1382
51.37164,809.6721,-33.1382
51.39325,806.3654,-35.20518
51.41108,804.6318,-37.74179
51.43384,802.6746,-39.04314
51.45138,802.6746,-39.04314
51.4717,801.91,-39.75488
51.4906,801.91,-39.75488
51.51049,801.5858,-41.18842
51.53288,801.0667,-41.89117
51.55037,801.0667,-41.89117
51.57022,800.3604,-42.37447
51.59079,799.684,-42.76553
51.61646,799.3096,-43.07991
51.63125,799.3096,-43.07991
51.65034,799.1716,-43.27832
51.66945,799.1716,-43.27832
51.68992,799.2995,-43.22536
51.71138,806.8629,-38.74364
51.73056,806.8629,-38.74364
51.75076,832.5219,-20.6804
51.77163,863.4441,0.5230677
51.78995,863.4441,0.5230677
51.81179,889.7252,18.10261
51.83054,909.0406,31.50683
51.85079,909.0406,31.50683
51.87132,923.0088,40.67493
51.89023,932.1217,47.28792
51.90993,932.1217,47.28792
51.93137,938.4214,50.47433
51.95078,943.8044,53.47318
51.97131,943.8044,53.47318
51.99734,948.4572,55.91507
52.01011,952.1187,57.75026
52.03223,952.1187,57.75026
52.04965,954.6351,59.54382
52.07154,954.6351,59.54382
52.09079,956.691,60.67109
52.11186,957.8315,61.47782
52.13053,957.8315,61.47782
52.15382,958.3183,61.903
52.17631,958.3367,62.22354
52.19275,958.6343,62.24989
52.21416,958.6343,62.24989
52.23496,958.6038,61.90889
52.25083,958.6038,61.90889
52.27297,958.6262,61.44577
52.29009,958.5614,61.24669
52.31122,958.5614,61.24669
52.33858,958.7041,61.16719
52.35391,958.6717,61.13448
52.37431,958.662,61.13073
52.39033,958.662,61.13073
52.41129,958.4682,61.07542
52.43819,958.2435,60.95597
52.45337,958.2435,60.95597
52.47585,958.1116,60.74268
52.49224,957.9733,60.62846
52.5125,957.9733,60.62846
52.53767,957.7967,60.56009
52.55338,957.6113,60.49607
52.57294,957.6113,60.49607
52.60036,957.4634,60.50693
52.60981,957.4634,60.50693
52.63691,957.491,60.557
52.65269,957.597,60.6731
52.67369,957.6224,61.09755
52.68977,957.6224,61.09755
52.70983,957.5751,61.82906
52.73597,958.0161,63.11298
52.75185,958.0161,63.11298
52.77167,958.6748,64.56937
52.78965,958.6748,64.56937
52.81173,959.382,66.17149
52.83898,960.1853,68.34955
52.85481,960.2758,70.44864
52.87602,960.2758,70.44864
52.89365,960.1876,71.6227
52.91431,959.3987,72.54592
52.93819,959.3987,72.54592
52.95402,958.8157,74.36609
52.97426,958.1892,77.21232
52.99117,958.1892,77.21232
53.0137,957.2151,79.81334
53.05127,955.3708,81.72045
53.05332,955.3708,81.72045
53.07011,953.778,83.99295
53.09081,953.778,83.99295
53.11072,951.4603,85.86133
53.13163,949.5092,87.47524
53.15073,949.5092,87.47524
53.17036,947.4188,89.0297
53.18985,945.6812,90.75227
53.20998,945.6812,90.75227
53.23234,942.1964,90.84236
53.25139,938.3529,91.34196
53.27107,938.3529,91.34196
53.28931,934.6272,92.25184
53.30997,931.078,93.63866
53.32981,931.078,93.63866
53.34931,927.3561,95.02131
53.36926,908.8663,84.14157
53.39119,908.8663,84.14157
53.41058,883.4391,66.69233
53.43073,860.0939,50.67026
53.45008,860.0939,50.67026
53.47242,841.4083,39.97197
53.48975,827.367,33.23236
53.50962,827.367,33.23236
53.53203,816.9619,26.9318
53.55103,807.9697,19.10098
53.56945,807.9697,19.10098
53.58991,800.4931,14.56395
53.61332,796.0704,12.77683
53.63132,796.0704,12.77683
53.65079,794.5096,12.39816
53.66982,792.2075,11.62214
53.69004,792.2075,11.62214
53.71026,791.1921,9.98959
53.73123,789.2529,8.421925
53.74945,789.2529,8.421925
53.76958,788.1389,7.747855
53.79113,787.4351,7.259866
53.81099,787.4351,7.259866
53.8303,786.3392,6.86867
53.85046,785.4539,6.172482
53.86963,785.4539,6.172482
53.89719,784.2133,5.476762
53.90925,782.8144,4.652878
53.93007,782.8144,4.652878
53.94985,781.2735,3.751103
53.97003,780.35,3.02361
53.99244,780.35,3.02361
54.00943,779.6231,2.595212
54.03299,779.3271,1.998967
54.0504,779.3271,1.998967
54.07039,778.9403,1.352783
54.08987,778.9403,1.352783
54.10935,778.5302,1.044707
54.13173,778.0447,0.6400376
54.15178,777.6949,0.2256489
54.1716,777.6949,0.2256489
54.1904,778.3471,0.07147651
54.20977,778.3471,0.07147651
54.23266,782.5256,3.894349
54.25043,795.2856,15.33367
54.26963,795.2856,15.33367
54.29107,810.8244,29.88702
54.31113,824.6973,43.96081
54.33006,824.6973,43.96081
54.3504,836.1685,56.64954
54.36959,846.8585,68.38682
54.39003,846.8585,68.38682
54.41415,855.2474,77.6208
54.4319,861.5511,84.35358
54.45082,861.5511,84.35358
54.46939,868.7627,89.63815
54.49725,873.041,91.95683
54.50962,873.041,91.95683
54.53042,879.076,94.91426
54.54982,882.1176,97.35883
54.57082,882.1176,97.35883
54.59022,888.5172,101.9201
54.6113,893.698,105.3327
54.63273,893.698,105.3327
54.65139,900.3007,109.1038
54.67161,907.506,112.2969
54.69051,907.506,112.2969
54.71095,914.2483,115.8668
54.73055,921.9605,120.0526
54.75003,921.9605,120.0526
54.772,928.6545,121.7154
54.79116,935.4102,122.5851
54.81063,935.4102,122.5851
54.83041,941.1433,122.814
54.85002,947.0422,123.0117
54.87056,947.0422,123.0117
54.89664,953.2839,124.0385
54.91017,957.5109,123.8255
54.93007,957.5109,123.8255
54.9519,961.9755,123.9666
54.96983,966.2306,123.5837
54.98938,966.2306,123.5837
55.01203,970.0571,123.3307
55.03229,973.6593,121.3589
55.0499,973.6593,121.3589
55.07282,976.3801,119.0726
55.09024,978.9799,117.4377
55.10965,978.9799,117.4377
55.13126,981.3409,115.566
55.15125,983.5404,114.3541
55.17046,983.5404,114.3541
55.18979,985.2504,113.8045
55.21072,986.9977,113.2188
55.23191,986.9977,113.2188
55.25055,988.8815,112.3504
55.2723,990.123,111.2392
55.28987,990.123,111.2392
55.30989,991.9771,109.9431
55.33475,993.4395,108.9558
55.35052,993.4395,108.9558
55.37305,994.637,108.5563
55.39694,995.5384,108.6243
55.41161,995.5384,108.6243
55.43099,996.5089,108.5542
55.45188,997.7495,108.4175
55.47606,997.7495,108.4175
55.49008,999.2045,108.4221
55.5096,999.2045,108.4221
55.54222,1001.508,108.4776
55.55359,1001.508,108.4776
55.57307,1002.236,108.6339
55.60013,1002.236,108.6339
55.61523,998.1971,102.0066
55.63974,985.8959,82.67525
55.65273,985.8959,82.67525
55.67355,972.3949,60.5314
55.69057,972.3949,60.5314
55.71498,961.8962,40.57204
55.7377,953.4716,25.3268
55.74941,953.4716,25.3268
55.77477,948.0978,13.96677
55.7905,944.5696,4.112336
55.81168,944.5696,4.112336
55.83152,941.8083,-3.999614
55.85229,938.4856,-10.48209
55.87315,935.5377,-13.16242
55.89265,935.5377,-13.16242
55.91222,932.9601,-13.20786
55.94014,930.5345,-13.26591
55.95385,930.5345,-13.26591
55.97278,928.8678,-13.84708
55.99939,927.6974,-14.58523
56.01009,927.6974,-14.58523
56.03745,927.0088,-14.77694
56.05189,927.0088,-14.77694
56.07411,926.2401,-15.02241
56.09091,925.7364,-15.31493
56.11254,925.7364,-15.31493
56.13763,925.0897,-15.54901
56.1498,924.4639,-15.86137
56.17183,924.4639,-15.86137
56.19072,923.8575,-16.28836
56.21037,923.2097,-16.55019
56.2379,922.6821,-16.35405
56.25092,922.6821,-16.35405
56.27022,922.1581,-16.35378
56.29063,922.1581,-16.35378
56.31181,921.3079,-16.60502
56.33262,920.5532,-16.73104
56.35004,920.5532,-16.73104
56.36955,920.1447,-16.84137
56.38951,919.872,-16.82381
56.4105,919.872,-16.82381
56.43267,919.5446,-16.94621
56.45016,919.0891,-17.07625
56.47271,919.0891,-17.07625
56.49061,918.6819,-17.17291
56.51038,918.4122,-17.2138
56.53252,918.4122,-17.2138
56.5494,918.199,-16.98737
56.5695,918.0718,-16.80464
56.59647,918.0718,-16.80464
56.61168,918.0239,-16.79995
56.63089,917.8265,-16.79955
56.65025,917.8265,-16.79955
56.67167,917.8513,-16.7734
56.69059,917.9019,-16.77059
56.70957,917.9019,-16.77059
56.73039,917.8525,-16.59094
56.75137,917.7723,-16.22602
56.76941,917.7723,-16.22602
56.7909,917.6423,-15.79662
56.81027,917.6423,-15.79662
56.83217,917.3913,-15.40261
56.85007,917.1572,-15.02549
56.8717,916.9808,-14.57383
56.8905,916.9808,-14.57383
56.91026,916.8901,-14.07217
56.93865,916.7286,-13.55549
56.95201,916.7286,-13.55549
56.97348,916.552,-13.11174
56.98979,916.552,-13.11174
57.01044,916.4897,-13.08587
57.03775,916.4615,-13.37155
57.0549,916.317,-13.70711
57.08018,916.317,-13.70711
57.09327,916.1694,-14.04562
57.11049,916.1694,-14.04562
57.13525,915.9445,-14.59743
57.15339,915.7574,-14.88714
57.16965,915.7574,-14.88714
57.19276,915.6271,-14.87521
57.21267,915.6172,-14.59555
57.23303,915.6973,-14.33869
57.25074,915.6973,-14.33869
57.27184,915.645,-14.03409
57.29116,915.645,-14.03409
57.30987,915.5991,-13.78313
57.33469,915.5542,-14.19122
57.34978,915.5542,-14.19122
57.37017,915.5005,-14.59327
57.39738,915.6541,-14.58456
57.41039,915.6541,-14.58456
57.43373,915.9282,-14.69006
57.45036,916.2709,-14.63027
57.47088,916.2709,-14.63027
57.49105,916.5455,-14.4517
57.51041,916.7954,-14.37032
57.53416,916.7954,-14.37032
57.55027,917.0093,-14.20958
57.57004,917.2397,-14.09831
57.59061,917.2397,-14.09831
57.61149,931.3879,-15.23959
57.63002,973.2286,-19.71126
57.65074,973.2286,-19.71126
57.6699,1020.505,-25.43561
57.69785,1059.729,-31.38787
57.71023,1059.729,-31.38787
57.73111,1089.952,-36.62907
57.7501,1111.443,-40.68957
57.76999,1111.443,-40.68957
57.79013,1125.197,-42.57798
57.81035,1110.604,-49.74726
57.83186,1110.604,-49.74726
57.8505,1110.604,-49.74726
57.87137,1110.604,-49.74726
57.88958,1110.604,-49.74726
57.91024,1110.604,-49.74726
57.93211,1110.604,-49.74726
57.95055,1110.604,-49.74726
57.96992,1091.712,-88.73103
57.99675,1087.073,-75.14
58.01031,1087.073,-75.14
58.03226,1072.64,-46.72468
58.0495,1056.741,-14.21052
58.06955,1056.741,-14.21052
58.09053,1043.772,13.95397
58.11097,1037.403,33.77551
58.13202,1037.403,33.77551
58.15048,1030.115,47.33216
58.16994,1015.78,35.568
58.18983,1015.78,35.568
58.2126,1003.95,22.36347
58.23122,995.6074,14.45369
58.24937,995.6074,14.45369
58.27038,989.2396,8.50015
58.29,983.85,2.98996
58.31148,983.85,2.98996
58.33199,979.2961,-1.942015
58.34985,979.2961,-1.942015
58.37044,976.5002,-5.933607
58.39002,973.9276,-9.503167
58.41026,971.1946,-12.85823
58.43261,971.1946,-12.85823
58.44946,968.2677,-16.08767
58.47054,968.2677,-16.08767
58.49018,966.1441,-19.02016
58.51043,951.3218,-25.75736
58.53164,928.9581,-35.5276
58.55079,928.9581,-35.5276
58.56937,909.1119,-44.60769
58.59098,909.1119,-44.60769
58.61104,893.7262,-52.4552
58.63162,881.7242,-56.62912
58.65022,881.7242,-56.62912
58.67209,873.4635,-58.85859
58.69108,867.3898,-61.34465
58.70962,867.3898,-61.34465
58.73151,862.9373,-63.45694
58.75095,859.1351,-65.83952
58.76981,859.1351,-65.83952
58.79197,856.7894,-68.13333
58.81091,855.4941,-70.0027
58.83179,855.4941,-70.0027
58.84987,854.4642,-70.89061
58.87021,853.8663,-71.1732
58.89892,854.2443,-65.2436
58.91209,854.2443,-65.2436
58.93326,854.3707,-58.74959
58.95362,854.3707,-58.74959
58.98141,854.7072,-50.70045
58.99119,855.6332,-42.90965
59.01411,855.6332,-42.90965
59.03673,856.5544,-36.30289
59.0519,856.9658,-30.89801
59.08207,856.8073,-24.97859
59.09105,856.8073,-24.97859
59.11655,856.0242,-19.83875
59.13417,856.0242,-19.83875
59.14954,855.4842,-15.57984
59.17075,855.1533,-11.73049
59.20188,855.0982,-7.65712
59.21925,855.0982,-7.65712
59.22937,856.1223,-2.682177
59.25265,856.1223,-2.682177
59.27119,856.4018,1.092366
59.3003,856.8424,3.840724
59.31438,856.8424,3.840724
59.3381,857.1453,6.024208
59.3506,858.046,7.486165
59.37251,858.046,7.486165
59.39014,858.6349,8.8034
59.41015,859.1684,9.774754
59.43296,859.1684,9.774754
59.45156,859.6932,10.2612
59.4707,859.9122,10.94854
59.50557,860.5732,11.83745
59.51347,860.5732,11.83745
59.53668,862.0388,12.90827
59.55082,862.0388,12.90827
59.57601,863.2226,14.30829
59.59357,864.9006,16.24416
59.61192,864.9006,16.24416
59.63084,866.8142,19.0001
59.64973,868.2244,20.56421
59.67097,868.2244,20.56421
59.68935,870.6361,22.70466
59.71191,873.3749,24.46075
59.73166,873.3749,24.46075
59.75083,874.5975,25.81311
59.77017,874.5975,25.81311
59.78971,876.4211,25.2422
59.81207,860.6442,-17.58757
59.83653,860.6442,-17.58757
59.85003,860.6442,-17.58757
59.87125,860.6442,-17.58757
59.89124,860.6442,-17.58757
59.91013,879.8716,32.32824
59.93355,888.9938,38.44251
59.95097,901.4497,52.52422
59.96993,901.4497,52.52422
59.99095,916.5678,69.36005
60.01108,916.5678,69.36005
60.03325,928.5416,83.90253
60.05025,938.1915,94.71397
60.07019,938.1915,94.71397
60.08961,945.9956,101.3564
60.11104,950.2027,104.5277
60.1308,950.2027,104.5277
60.14936,953.782,109.7423
60.17066,954.5556,113.1484
60.18922,954.5556,113.1484
60.21009,955.6361,114.4501
60.23117,955.0179,116.7734
60.25087,955.0179,116.7734
60.27098,955.8782,118.0308
60.28926,956.7891,118.7387
60.31067,956.7891,118.7387
60.33231,952.8027,113.7546
60.35031,946.6218,105.9556
60.37035,946.6218,105.9556
60.39698,936.6433,92.79311
60.41013,926.1568,77.53427
60.43094,926.1568,77.53427
60.44927,916.7251,64.30547
60.47058,907.6154,52.65051
60.49113,907.6154,52.65051
60.51063,900.4446,42.77596
60.53306,894.4819,34.16148
60.54978,894.4819,34.16148
60.57036,889.4813,27.4407
60.59121,886.8745,23.772
60.61197,886.8745,23.772
60.63307,884.5013,21.46612
60.64971,882.5534,20.20411
60.67134,882.5534,20.20411
60.69067,872.5114,9.536389
60.71231,859.6522,-3.892095
60.73227,859.6522,-3.892095
60.75198,848.9644,-15.39577
60.77064,848.9644,-15.39577
60.78949,841.2965,-24.44449
60.81103,850.3129,-22.36933
60.83192,862.1172,-12.94282
60.85122,862.1172,-12.94282
60.87051,869.4367,-6.499754
60.88981,883.5451,5.887933
60.9095,883.5451,5.887933
60.93127,897.0541,19.42803
60.95152,909.0605,31.8924
60.97023,909.0605,31.8924
60.98985,919.3589,42.56461
61.01161,919.3589,42.56461
61.0321,927.7411,52.30241
61.05153,934.6364,59.48812
61.07108,939.0836,64.36339
61.09001,939.0836,64.36339
61.11195,942.9847,68.05381
61.13155,948.591,70.99924
61.15022,948.591,70.99924
61.17083,971.1596,77.75172
61.19689,992.4832,82.73598
61.21181,992.4832,82.73598
61.231,1008.995,87.08223
61.25069,1020.53,88.92299
61.27037,1020.53,88.92299
61.29094,1028.345,90.76964
61.31166,1034.884,93.36369
61.33379,1034.884,93.36369
61.351,1040.032,95.93602
61.36958,1040.032,95.93602
61.38923,1044.421,97.87887
61.41219,1047.902,99.00325
61.43186,1050.661,100.0658
61.45091,1050.661,100.0658
61.47004,1053.613,101.2415
61.49048,1053.613,101.2415
61.50975,1057.242,102.5468
61.53161,1060.067,103.6845
61.55019,1060.067,103.6845
61.57041,1062.573,104.7902
61.59761,1064.96,105.6748
61.61057,1064.96,105.6748
61.63221,1067.09,106.8953
61.64965,1069.011,107.5892
61.66935,1069.011,107.5892
61.69746,1070.384,107.7812
61.71111,1072.169,107.8655
61.73132,1072.169,107.8655
61.75083,1073.556,107.831
61.77054,1074.584,108.0161
61.79008,1074.584,108.0161
61.81228,1075.439,108.0742
61.83154,1076.015,108.0634
61.8504,1076.015,108.0634
61.87148,1076.274,107.9247
61.89003,1076.493,107.5892
61.90976,1076.493,107.5892
61.93277,1076.58,107.4443
61.94972,1076.782,107.441
61.97153,1076.782,107.441
61.99115,1076.49,107.3713
62.00986,1076.229,107.2521
62.03112,1076.229,107.2521
62.05119,1076.009,107.166
62.07052,1075.849,107.156
62.09133,1075.849,107.156
62.11423,1075.715,107.5862
62.13407,1075.744,108.5838
62.151,1075.744,108.5838
62.16938,1075.396,110.0582
62.19687,1074.356,110.9975
62.20946,1074.356,110.9975
62.23103,1072.661,111.4366
62.25042,1070.739,111.782
62.27296,1070.739,111.782
62.29142,1067.656,111.7629
62.30976,1062.992,112.1804
62.33261,1062.992,112.1804
62.34971,1059.034,112.2033
62.36987,1055.648,112.497
62.39703,1055.648,112.497
62.4117,1051.778,112.9505
62.43179,1046.153,112.6537
62.45074,1046.153,112.6537
62.4698,1041.388,111.427
62.49048,1037.573,110.661
62.51102,1037.573,110.661
62.53049,1033.553,111.0384
62.5495,1028.909,111.3053
62.57027,1028.909,111.3053
62.59764,1018.836,103.5667
62.61222,1002.792,87.94345
62.63258,1002.792,87.94345
62.64959,985.6405,72.99276
62.67188,973.3176,59.76067
62.68954,973.3176,59.76067
62.70942,962.7752,50.36647
62.73236,954.5017,42.60872
62.74958,954.5017,42.60872
62.76976,947.96,36.88772
62.78965,947.96,36.88772
62.8097,944.3925,33.76908
62.83122,941.413,32.09497
62.85074,941.413,32.09497
62.87111,939.4211,30.5216
62.89832,936.892,28.44121
62.91106,936.892,28.44121
62.9329,935.3087,26.22039
62.94976,933.5288,24.61398
62.97,933.5288,24.61398
62.99078,932.2756,23.37095
63.01135,931.2019,22.76847
63.03112,931.2019,22.76847
63.05164,929.9866,22.40449
63.07182,929.1822,21.94667
63.08939,929.1822,21.94667
63.11025,928.7865,21.24498
63.13125,928.4678,20.92799
63.15086,928.4678,20.92799
63.16999,927.9701,20.18776
63.18986,928.1516,19.78959
63.21046,928.1516,19.78959
63.23035,927.9399,19.82284
63.25033,928.1643,19.92339
63.26956,928.1643,19.92339
63.2897,928.3009,19.69816
63.31004,928.1651,19.31776
63.33021,928.1651,19.31776
63.35061,928.7313,18.99313
63.37137,929.5032,18.85323
63.39071,929.5032,18.85323
63.41286,930.1158,18.8175
63.43105,930.717,18.6085
63.45082,930.717,18.6085
63.47075,931.0897,18.74947
63.49092,931.2405,19.29731
63.51076,931.2405,19.29731
63.53062,930.8693,19.86205
63.55093,930.7199,20.25553
63.56977,930.7199,20.25553
63.59055,930.6013,21.2181
63.60975,931.1064,22.94885
63.6313,931.1064,22.94885
63.64972,931.9376,25.27364
63.67175,932.7827,27.70608
63.69687,933.6414,30.60506
63.70941,933.6414,30.60506
63.73052,934.2686,32.49662
63.75061,934.2686,32.49662
63.77493,936.6741,33.92767
63.79096,938.6492,36.50289
63.80992,938.6492,36.50289
63.83052,940.433,39.06343
63.84988,942.3516,40.8043
63.86995,942.3516,40.8043
63.89766,943.1887,41.98124
63.91199,944.2451,42.15767
63.93138,944.2451,42.15767
63.95139,945.2697,41.98298
63.97215,945.694,41.74844
63.98952,945.694,41.74844
64.01035,946.6442,41.55606
64.03232,947.4483,41.56538
64.05061,947.4483,41.56538
64.07196,948.7488,41.76506
64.0901,949.9898,42.29515
64.1106,949.9898,42.29515
64.13227,950.8252,42.68467
64.15092,951.2845,42.83582
64.17015,951.2845,42.83582
64.19737,951.9703,42.98805
64.2103,952.395,43.04094
64.23411,952.395,43.04094
64.25148,953.0687,42.78903
64.27016,953.0687,42.78903
64.29091,954.0763,42.6059
64.31107,955.0603,42.5504
64.33092,955.0603,42.5504
64.34945,955.6821,42.42271
64.37059,956.0808,42.14627
64.39006,956.0808,42.14627
64.41029,956.724,41.84899
64.43137,957.7335,41.87573
64.45048,957.7335,41.87573
64.47096,958.772,41.99532
64.48994,960.2122,42.35809
64.51009,960.2122,42.35809
64.53202,961.5427,42.69546
64.55047,962.2578,42.49236
64.57013,962.2578,42.49236
64.59014,963.2606,42.02434
64.61048,965.026,42.02876
64.62997,965.026,42.02876
64.65025,966.3634,41.87104
64.6703,967.4017,41.63241
64.69747,968.8645,41.98164
64.71102,968.8645,41.98164
64.7303,973.6369,42.2751
64.75046,973.6369,42.2751
64.77138,1052.459,29.16884
64.78978,1112.402,19.87546
64.81132,1112.402,19.87546

